freq_hz,step_horiz_dB,step_mean_dB,shelf_correction_dB,net_corrected_dB
20.0000,19.1924,18.1901,5.9876,24.1778
20.1156,19.1425,18.1403,5.9875,24.1278
20.2318,19.0926,18.0904,5.9874,24.0778
20.3487,19.0427,18.0406,5.9872,24.0278
20.4663,18.9928,17.9908,5.9871,23.9778
20.5845,18.9429,17.9409,5.9869,23.9278
20.7034,18.8930,17.8911,5.9868,23.8778
20.8231,18.8432,17.8412,5.9866,23.8278
20.9434,18.7933,17.7914,5.9865,23.7779
21.0644,18.7434,17.7416,5.9863,23.7279
21.1861,18.6935,17.6917,5.9861,23.6779
21.3085,18.6437,17.6419,5.9860,23.6279
21.4316,18.5938,17.5921,5.9858,23.5779
21.5555,18.5439,17.5423,5.9857,23.5279
21.6800,18.4941,17.4924,5.9855,23.4779
21.8053,18.4442,17.4426,5.9853,23.4279
21.9312,18.3943,17.3928,5.9852,23.3780
22.0580,18.3445,17.3430,5.9850,23.3280
22.1854,18.2946,17.2932,5.9848,23.2780
22.3136,18.2448,17.2434,5.9846,23.2280
22.4425,18.1949,17.1936,5.9845,23.1780
22.5722,18.1451,17.1438,5.9843,23.1281
22.7026,18.0952,17.0940,5.9841,23.0781
22.8338,18.0454,17.0442,5.9839,23.0281
22.9657,17.9955,16.9944,5.9837,22.9781
23.0984,17.9457,16.9446,5.9835,22.9281
23.2319,17.8958,16.8948,5.9833,22.8782
23.3661,17.8460,16.8450,5.9832,22.8282
23.5011,17.7962,16.7952,5.9830,22.7782
23.6369,17.7463,16.7455,5.9828,22.7282
23.7735,17.6965,16.6957,5.9826,22.6783
23.9108,17.6467,16.6459,5.9824,22.6283
24.0490,17.5968,16.5961,5.9822,22.5783
24.1879,17.5470,16.5464,5.9820,22.5283
24.3277,17.4972,16.4966,5.9817,22.4784
24.4683,17.4474,16.4469,5.9815,22.4284
24.6096,17.3976,16.3971,5.9813,22.3784
24.7518,17.3478,16.3473,5.9811,22.3285
24.8948,17.2979,16.2976,5.9809,22.2785
25.0387,17.2481,16.2479,5.9807,22.2285
25.1833,17.1983,16.1981,5.9804,22.1786
25.3289,17.1485,16.1484,5.9802,22.1286
25.4752,17.0987,16.0986,5.9800,22.0786
25.6224,17.0489,16.0489,5.9798,22.0287
25.7704,16.9991,15.9992,5.9795,21.9787
25.9193,16.9494,15.9494,5.9793,21.9287
26.0691,16.8996,15.8997,5.9791,21.8788
26.2197,16.8498,15.8500,5.9788,21.8288
26.3712,16.8000,15.8003,5.9786,21.7789
26.5236,16.7502,15.7506,5.9783,21.7289
26.6768,16.7004,15.7009,5.9781,21.6789
26.8310,16.6507,15.6512,5.9778,21.6290
26.9860,16.6009,15.6015,5.9776,21.5790
27.1419,16.5511,15.5518,5.9773,21.5291
27.2987,16.5014,15.5021,5.9770,21.4791
27.4565,16.4516,15.4524,5.9768,21.4292
27.6151,16.4019,15.4027,5.9765,21.3792
27.7747,16.3521,15.3530,5.9762,21.3293
27.9351,16.3024,15.3034,5.9760,21.2793
28.0966,16.2526,15.2537,5.9757,21.2294
28.2589,16.2029,15.2040,5.9754,21.1794
28.4222,16.1531,15.1544,5.9751,21.1295
28.5864,16.1034,15.1047,5.9748,21.0795
28.7516,16.0537,15.0550,5.9745,21.0296
28.9177,16.0039,15.0054,5.9742,20.9796
29.0848,15.9542,14.9558,5.9739,20.9297
29.2528,15.9045,14.9061,5.9736,20.8798
29.4218,15.8548,14.8565,5.9733,20.8298
29.5918,15.8050,14.8068,5.9730,20.7799
29.7628,15.7553,14.7572,5.9727,20.7300
29.9348,15.7056,14.7076,5.9724,20.6800
30.1077,15.6559,14.6580,5.9721,20.6301
30.2817,15.6062,14.6084,5.9718,20.5801
30.4567,15.5565,14.5588,5.9714,20.5302
30.6326,15.5068,14.5092,5.9711,20.4803
30.8096,15.4571,14.4596,5.9708,20.4304
30.9876,15.4075,14.4100,5.9704,20.3804
31.1667,15.3578,14.3604,5.9701,20.3305
31.3468,15.3081,14.3108,5.9698,20.2806
31.5279,15.2584,14.2612,5.9694,20.2307
31.7100,15.2088,14.2117,5.9691,20.1807
31.8933,15.1591,14.1621,5.9687,20.1308
32.0775,15.1094,14.1125,5.9683,20.0809
32.2629,15.0598,14.0630,5.9680,20.0310
32.4493,15.0101,14.0134,5.9676,19.9811
32.6368,14.9605,13.9639,5.9672,19.9311
32.8253,14.9109,13.9144,5.9669,19.8812
33.0150,14.8612,13.8648,5.9665,19.8313
33.2058,14.8116,13.8153,5.9661,19.7814
33.3976,14.7620,13.7658,5.9657,19.7315
33.5906,14.7123,13.7163,5.9653,19.6816
33.7847,14.6627,13.6668,5.9649,19.6317
33.9799,14.6131,13.6173,5.9645,19.5818
34.1762,14.5635,13.5678,5.9641,19.5319
34.3737,14.5139,13.5183,5.9637,19.4820
34.5723,14.4643,13.4688,5.9633,19.4321
34.7720,14.4147,13.4193,5.9628,19.3822
34.9729,14.3651,13.3699,5.9624,19.3323
35.1750,14.3156,13.3204,5.9620,19.2824
35.3783,14.2660,13.2709,5.9615,19.2325
35.5827,14.2164,13.2215,5.9611,19.1826
35.7883,14.1668,13.1720,5.9607,19.1327
35.9950,14.1173,13.1226,5.9602,19.0828
36.2030,14.0677,13.0732,5.9597,19.0329
36.4122,14.0182,13.0238,5.9593,18.9830
36.6226,13.9686,12.9743,5.9588,18.9332
36.8342,13.9191,12.9249,5.9583,18.8833
37.0470,13.8696,12.8755,5.9579,18.8334
37.2611,13.8200,12.8261,5.9574,18.7835
37.4763,13.7705,12.7768,5.9569,18.7337
37.6929,13.7210,12.7274,5.9564,18.6838
37.9107,13.6715,12.6780,5.9559,18.6339
38.1297,13.6220,12.6287,5.9554,18.5840
38.3500,13.5725,12.5793,5.9549,18.5342
38.5716,13.5230,12.5299,5.9544,18.4843
38.7945,13.4735,12.4806,5.9538,18.4344
39.0186,13.4241,12.4313,5.9533,18.3846
39.2441,13.3746,12.3820,5.9528,18.3347
39.4708,13.3251,12.3326,5.9522,18.2849
39.6989,13.2757,12.2833,5.9517,18.2350
39.9282,13.2262,12.2340,5.9511,18.1852
40.1589,13.1768,12.1847,5.9506,18.1353
40.3910,13.1273,12.1355,5.9500,18.0855
40.6244,13.0779,12.0862,5.9494,18.0356
40.8591,13.0285,12.0369,5.9488,17.9858
41.0952,12.9791,11.9877,5.9482,17.9359
41.3326,12.9297,11.9384,5.9477,17.8861
41.5714,12.8803,11.8892,5.9471,17.8362
41.8116,12.8309,11.8400,5.9464,17.7864
42.0532,12.7815,11.7907,5.9458,17.7366
42.2962,12.7321,11.7415,5.9452,17.6868
42.5406,12.6827,11.6923,5.9446,17.6369
42.7863,12.6334,11.6432,5.9439,17.5871
43.0336,12.5840,11.5940,5.9433,17.5373
43.2822,12.5347,11.5448,5.9427,17.4875
43.5323,12.4853,11.4956,5.9420,17.4376
43.7838,12.4360,11.4465,5.9413,17.3878
44.0368,12.3867,11.3974,5.9407,17.3380
44.2912,12.3374,11.3482,5.9400,17.2882
44.5471,12.2881,11.2991,5.9393,17.2384
44.8045,12.2388,11.2500,5.9386,17.1886
45.0634,12.1895,11.2009,5.9379,17.1388
45.3238,12.1402,11.1518,5.9372,17.0890
45.5857,12.0909,11.1027,5.9365,17.0392
45.8490,12.0416,11.0537,5.9357,16.9894
46.1140,11.9924,11.0046,5.9350,16.9396
46.3804,11.9431,10.9556,5.9343,16.8898
46.6484,11.8939,10.9065,5.9335,16.8400
46.9179,11.8447,10.8575,5.9327,16.7903
47.1890,11.7955,10.8085,5.9320,16.7405
47.4616,11.7462,10.7595,5.9312,16.6907
47.7359,11.6970,10.7105,5.9304,16.6409
48.0117,11.6479,10.6615,5.9296,16.5912
48.2891,11.5987,10.6126,5.9288,16.5414
48.5681,11.5495,10.5636,5.9280,16.4916
48.8487,11.5003,10.5147,5.9272,16.4419
49.1310,11.4512,10.4658,5.9263,16.3921
49.4148,11.4021,10.4169,5.9255,16.3424
49.7003,11.3529,10.3680,5.9247,16.2926
49.9875,11.3038,10.3191,5.9238,16.2429
50.2763,11.2547,10.2702,5.9229,16.1931
50.5668,11.2056,10.2214,5.9220,16.1434
50.8590,11.1565,10.1725,5.9212,16.0937
51.1529,11.1074,10.1237,5.9203,16.0439
51.4484,11.0584,10.0749,5.9193,15.9942
51.7457,11.0093,10.0260,5.9184,15.9445
52.0447,10.9603,9.9773,5.9175,15.8947
52.3454,10.9112,9.9285,5.9166,15.8450
52.6478,10.8622,9.8797,5.9156,15.7953
52.9520,10.8132,9.8310,5.9146,15.7456
53.2580,10.7642,9.7822,5.9137,15.6959
53.5657,10.7152,9.7335,5.9127,15.6462
53.8752,10.6662,9.6848,5.9117,15.5965
54.1865,10.6173,9.6361,5.9107,15.5468
54.4995,10.5683,9.5874,5.9097,15.4971
54.8144,10.5194,9.5388,5.9086,15.4474
55.1311,10.4705,9.4901,5.9076,15.3977
55.4497,10.4215,9.4415,5.9065,15.3481
55.7701,10.3726,9.3929,5.9055,15.2984
56.0923,10.3238,9.3443,5.9044,15.2487
56.4164,10.2749,9.2957,5.9033,15.1991
56.7424,10.2260,9.2472,5.9022,15.1494
57.0702,10.1772,9.1986,5.9011,15.0997
57.4000,10.1283,9.1501,5.9000,15.0501
57.7316,10.0795,9.1016,5.8988,15.0004
58.0652,10.0307,9.0531,5.8977,14.9508
58.4007,9.9819,9.0046,5.8965,14.9012
58.7381,9.9331,8.9562,5.8954,14.8515
59.0775,9.8844,8.9077,5.8942,14.8019
59.4188,9.8356,8.8593,5.8930,14.7523
59.7621,9.7869,8.8109,5.8918,14.7026
60.1074,9.7382,8.7625,5.8905,14.6530
60.4547,9.6895,8.7141,5.8893,14.6034
60.8040,9.6408,8.6658,5.8880,14.5538
61.1554,9.5921,8.6174,5.8868,14.5042
61.5087,9.5434,8.5691,5.8855,14.4546
61.8641,9.4948,8.5208,5.8842,14.4050
62.2215,9.4462,8.4726,5.8829,14.3554
62.5810,9.3976,8.4243,5.8815,14.3059
62.9426,9.3490,8.3761,5.8802,14.2563
63.3063,9.3004,8.3279,5.8788,14.2067
63.6721,9.2518,8.2797,5.8775,14.1571
64.0400,9.2033,8.2315,5.8761,14.1076
64.4100,9.1547,8.1834,5.8747,14.0580
64.7821,9.1062,8.1352,5.8733,14.0085
65.1565,9.0577,8.0871,5.8718,13.9589
65.5329,9.0093,8.0390,5.8704,13.9094
65.9116,8.9608,7.9910,5.8689,13.8599
66.2924,8.9123,7.9429,5.8674,13.8104
66.6754,8.8639,7.8949,5.8659,13.7608
67.0607,8.8155,7.8469,5.8644,13.7113
67.4481,8.7671,7.7989,5.8629,13.6618
67.8378,8.7188,7.7510,5.8614,13.6123
68.2298,8.6704,7.7030,5.8598,13.5628
68.6240,8.6221,7.6551,5.8582,13.5133
69.0205,8.5738,7.6072,5.8566,13.4639
69.4193,8.5255,7.5594,5.8550,13.4144
69.8204,8.4772,7.5116,5.8534,13.3649
70.2238,8.4289,7.4637,5.8517,13.3154
70.6296,8.3807,7.4160,5.8500,13.2660
71.0377,8.3325,7.3682,5.8484,13.2165
71.4481,8.2843,7.3205,5.8466,13.1671
71.8609,8.2361,7.2727,5.8449,13.1177
72.2761,8.1880,7.2251,5.8432,13.0682
72.6937,8.1398,7.1774,5.8414,13.0188
73.1138,8.0917,7.1298,5.8396,12.9694
73.5362,8.0436,7.0822,5.8378,12.9200
73.9611,7.9956,7.0346,5.8360,12.8706
74.3884,7.9475,6.9870,5.8342,12.8212
74.8182,7.8995,6.9395,5.8323,12.7718
75.2505,7.8515,6.8920,5.8304,12.7224
75.6853,7.8035,6.8445,5.8285,12.6731
76.1226,7.7556,6.7971,5.8266,12.6237
76.5624,7.7076,6.7497,5.8247,12.5744
77.0048,7.6597,6.7023,5.8227,12.5250
77.4497,7.6118,6.6550,5.8207,12.4757
77.8972,7.5640,6.6076,5.8187,12.4263
78.3473,7.5161,6.5603,5.8167,12.3770
78.8000,7.4683,6.5131,5.8146,12.3277
79.2553,7.4205,6.4658,5.8126,12.2784
79.7132,7.3728,6.4186,5.8105,12.2291
80.1738,7.3250,6.3715,5.8084,12.1798
80.6370,7.2773,6.3243,5.8062,12.1305
81.1030,7.2296,6.2772,5.8041,12.0813
81.5716,7.1820,6.2301,5.8019,12.0320
82.0429,7.1343,6.1831,5.7997,11.9828
82.5169,7.0867,6.1361,5.7974,11.9335
82.9937,7.0391,6.0891,5.7952,11.8843
83.4732,6.9916,6.0422,5.7929,11.8350
83.9555,6.9441,5.9952,5.7906,11.7858
84.4406,6.8966,5.9484,5.7883,11.7366
84.9285,6.8491,5.9015,5.7859,11.6874
85.4192,6.8016,5.8547,5.7835,11.6382
85.9127,6.7542,5.8079,5.7811,11.5891
86.4091,6.7068,5.7612,5.7787,11.5399
86.9084,6.6595,5.7145,5.7762,11.4907
87.4105,6.6122,5.6678,5.7738,11.4416
87.9156,6.5649,5.6212,5.7712,11.3924
88.4235,6.5176,5.5746,5.7687,11.3433
88.9345,6.4704,5.5280,5.7662,11.2942
89.4483,6.4231,5.4815,5.7636,11.2451
89.9651,6.3760,5.4350,5.7609,11.1960
90.4849,6.3288,5.3886,5.7583,11.1469
91.0077,6.2817,5.3422,5.7556,11.0978
91.5336,6.2346,5.2958,5.7529,11.0488
92.0625,6.1876,5.2495,5.7502,10.9997
92.5944,6.1406,5.2032,5.7475,10.9507
93.1294,6.0936,5.1570,5.7447,10.9016
93.6675,6.0466,5.1108,5.7419,10.8526
94.2087,5.9997,5.0646,5.7390,10.8036
94.7530,5.9528,5.0185,5.7361,10.7546
95.3005,5.9060,4.9724,5.7332,10.7056
95.8511,5.8592,4.9264,5.7303,10.6567
96.4049,5.8124,4.8804,5.7273,10.6077
96.9619,5.7657,4.8344,5.7243,10.5587
97.5222,5.7190,4.7885,5.7213,10.5098
98.0857,5.6723,4.7426,5.7183,10.4609
98.6524,5.6256,4.6968,5.7152,10.4120
99.2224,5.5791,4.6510,5.7121,10.3631
99.7957,5.5325,4.6053,5.7089,10.3142
100.3723,5.4860,4.5596,5.7057,10.2653
100.9522,5.4395,4.5140,5.7025,10.2165
101.5355,5.3930,4.4684,5.6992,10.1676
102.1222,5.3466,4.4228,5.6960,10.1188
102.7122,5.3003,4.3773,5.6926,10.0700
103.3057,5.2539,4.3319,5.6893,10.0212
103.9026,5.2076,4.2865,5.6859,9.9724
104.5029,5.1614,4.2411,5.6825,9.9236
105.1067,5.1152,4.1958,5.6790,9.8748
105.7140,5.0690,4.1506,5.6755,9.8261
106.3248,5.0229,4.1054,5.6720,9.7774
106.9392,4.9768,4.0602,5.6684,9.7286
107.5570,4.9308,4.0151,5.6649,9.6799
108.1785,4.8848,3.9700,5.6612,9.6313
108.8035,4.8388,3.9250,5.6575,9.5826
109.4322,4.7929,3.8801,5.6538,9.5339
110.0645,4.7470,3.8352,5.6501,9.4853
110.7004,4.7012,3.7904,5.6463,9.4367
111.3400,4.6554,3.7456,5.6425,9.3881
111.9833,4.6097,3.7008,5.6386,9.3395
112.6304,4.5640,3.6562,5.6347,9.2909
113.2811,4.5183,3.6115,5.6308,9.2423
113.9357,4.4727,3.5670,5.6268,9.1938
114.5940,4.4272,3.5225,5.6228,9.1452
115.2561,4.3817,3.4780,5.6187,9.0967
115.9220,4.3362,3.4336,5.6146,9.0482
116.5918,4.2908,3.3893,5.6105,8.9998
117.2655,4.2455,3.3450,5.6063,8.9513
117.9430,4.2001,3.3008,5.6021,8.9029
118.6245,4.1549,3.2566,5.5978,8.8545
119.3099,4.1097,3.2125,5.5935,8.8060
119.9992,4.0645,3.1685,5.5892,8.7577
120.6926,4.0194,3.1245,5.5848,8.7093
121.3899,3.9743,3.0806,5.5804,8.6609
122.0913,3.9293,3.0367,5.5759,8.6126
122.7967,3.8844,2.9929,5.5714,8.5643
123.5062,3.8395,2.9492,5.5668,8.5160
124.2198,3.7946,2.9055,5.5622,8.4677
124.9376,3.7498,2.8619,5.5576,8.4195
125.6594,3.7051,2.8184,5.5529,8.3713
126.3855,3.6604,2.7749,5.5481,8.3230
127.1157,3.6158,2.7315,5.5434,8.2749
127.8502,3.5712,2.6882,5.5385,8.2267
128.5889,3.5267,2.6449,5.5336,8.1785
129.3319,3.4822,2.6017,5.5287,8.1304
130.0791,3.4378,2.5586,5.5237,8.0823
130.8307,3.3935,2.5155,5.5187,8.0342
131.5866,3.3492,2.4725,5.5137,7.9862
132.3469,3.3050,2.4296,5.5085,7.9381
133.1116,3.2608,2.3867,5.5034,7.8901
133.8807,3.2167,2.3439,5.4982,7.8421
134.6543,3.1727,2.3012,5.4929,7.7941
135.4323,3.1287,2.2586,5.4876,7.7462
136.2148,3.0848,2.2160,5.4822,7.6982
137.0018,3.0409,2.1735,5.4768,7.6503
137.7934,2.9971,2.1311,5.4714,7.6025
138.5896,2.9534,2.0887,5.4659,7.5546
139.3903,2.9097,2.0465,5.4603,7.5068
140.1957,2.8661,2.0043,5.4547,7.4590
141.0058,2.8225,1.9622,5.4490,7.4112
141.8205,2.7791,1.9201,5.4433,7.3634
142.6399,2.7357,1.8782,5.4375,7.3157
143.4641,2.6923,1.8363,5.4317,7.2680
144.2930,2.6490,1.7945,5.4258,7.2203
145.1267,2.6058,1.7527,5.4199,7.1726
145.9652,2.5627,1.7111,5.4139,7.1250
146.8086,2.5196,1.6695,5.4079,7.0774
147.6568,2.4766,1.6280,5.4018,7.0298
148.5100,2.4337,1.5866,5.3956,6.9823
149.3680,2.3908,1.5453,5.3894,6.9348
150.2311,2.3480,1.5041,5.3832,6.8873
151.0991,2.3053,1.4629,5.3769,6.8398
151.9721,2.2626,1.4219,5.3705,6.7924
152.8502,2.2201,1.3809,5.3641,6.7450
153.7334,2.1776,1.3400,5.3576,6.6976
154.6216,2.1351,1.2992,5.3510,6.6502
155.5150,2.0928,1.2585,5.3444,6.6029
156.4135,2.0505,1.2178,5.3378,6.5556
157.3173,2.0083,1.1773,5.3311,6.5083
158.2263,1.9662,1.1368,5.3243,6.4611
159.1405,1.9241,1.0965,5.3175,6.4139
160.0600,1.8822,1.0562,5.3106,6.3667
160.9848,1.8403,1.0160,5.3036,6.3196
161.9149,1.7985,0.9759,5.2966,6.2725
162.8504,1.7567,0.9359,5.2895,6.2254
163.7914,1.7151,0.8960,5.2824,6.1784
164.7378,1.6735,0.8562,5.2752,6.1314
165.6896,1.6320,0.8165,5.2680,6.0844
166.6469,1.5906,0.7768,5.2606,6.0375
167.6098,1.5493,0.7373,5.2533,5.9906
168.5782,1.5080,0.6979,5.2458,5.9437
169.5522,1.4669,0.6585,5.2383,5.8968
170.5319,1.4258,0.6193,5.2308,5.8500
171.5172,1.3848,0.5801,5.2231,5.8033
172.5082,1.3439,0.5411,5.2154,5.7565
173.5050,1.3031,0.5021,5.2077,5.7098
174.5075,1.2624,0.4633,5.1999,5.6632
175.5157,1.2217,0.4245,5.1920,5.6165
176.5299,1.1812,0.3859,5.1840,5.5699
177.5498,1.1407,0.3474,5.1760,5.5234
178.5757,1.1003,0.3089,5.1680,5.4769
179.6075,1.0600,0.2706,5.1598,5.4304
180.6452,1.0198,0.2323,5.1516,5.3840
181.6890,0.9797,0.1942,5.1433,5.3376
182.7388,0.9397,0.1562,5.1350,5.2912
183.7946,0.8998,0.1183,5.1266,5.2449
184.8565,0.8600,0.0804,5.1181,5.1986
185.9246,0.8202,0.0427,5.1096,5.1523
186.9989,0.7806,0.0051,5.1010,5.1061
188.0793,0.7411,-0.0324,5.0923,5.0600
189.1660,0.7016,-0.0697,5.0836,5.0139
190.2590,0.6623,-0.1070,5.0748,4.9678
191.3583,0.6230,-0.1442,5.0659,4.9217
192.4640,0.5839,-0.1812,5.0570,4.8758
193.5760,0.5448,-0.2182,5.0480,4.8298
194.6945,0.5059,-0.2550,5.0389,4.7839
195.8194,0.4670,-0.2917,5.0298,4.7380
196.9508,0.4282,-0.3283,5.0206,4.6922
198.0888,0.3896,-0.3648,5.0113,4.6465
199.2333,0.3510,-0.4012,5.0019,4.6007
200.3845,0.3126,-0.4375,4.9925,4.5550
201.5423,0.2742,-0.4736,4.9830,4.5094
202.7067,0.2360,-0.5096,4.9735,4.4638
203.8780,0.1978,-0.5456,4.9638,4.4183
205.0559,0.1598,-0.5814,4.9541,4.3728
206.2407,0.1219,-0.6170,4.9444,4.3273
207.4324,0.0841,-0.6526,4.9345,4.2819
208.6309,0.0463,-0.6880,4.9246,4.2366
209.8363,0.0087,-0.7234,4.9146,4.1913
211.0488,-0.0288,-0.7586,4.9046,4.1460
212.2682,-0.0662,-0.7937,4.8945,4.1008
213.4946,-0.1035,-0.8286,4.8843,4.0557
214.7282,-0.1406,-0.8635,4.8740,4.0106
215.9689,-0.1777,-0.8982,4.8637,3.9655
217.2167,-0.2146,-0.9328,4.8533,3.9205
218.4718,-0.2515,-0.9672,4.8428,3.8756
219.7341,-0.2882,-1.0016,4.8323,3.8307
221.0037,-0.3248,-1.0358,4.8217,3.7859
222.2806,-0.3613,-1.0699,4.8110,3.7411
223.5649,-0.3977,-1.1039,4.8002,3.6964
224.8566,-0.4340,-1.1377,4.7894,3.6517
226.1558,-0.4702,-1.1715,4.7785,3.6071
227.4625,-0.5062,-1.2050,4.7676,3.5625
228.7768,-0.5421,-1.2385,4.7565,3.5180
230.0986,-0.5779,-1.2719,4.7454,3.4736
231.4281,-0.6136,-1.3051,4.7342,3.4292
232.7653,-0.6492,-1.3381,4.7230,3.3848
234.1102,-0.6847,-1.3711,4.7117,3.3406
235.4629,-0.7200,-1.4039,4.7003,3.2963
236.8233,-0.7552,-1.4366,4.6888,3.2522
238.1917,-0.7903,-1.4692,4.6773,3.2081
239.5679,-0.8253,-1.5016,4.6657,3.1641
240.9521,-0.8601,-1.5339,4.6540,3.1201
242.3443,-0.8949,-1.5661,4.6422,3.0762
243.7446,-0.9295,-1.5981,4.6304,3.0323
245.1529,-0.9639,-1.6300,4.6185,2.9885
246.5693,-0.9983,-1.6618,4.6066,2.9448
247.9940,-1.0325,-1.6934,4.5946,2.9012
249.4269,-1.0667,-1.7249,4.5825,2.8576
250.8680,-1.1006,-1.7563,4.5703,2.8140
252.3175,-1.1345,-1.7875,4.5581,2.7706
253.7754,-1.1682,-1.8186,4.5457,2.7272
255.2417,-1.2018,-1.8495,4.5334,2.6838
256.7164,-1.2353,-1.8804,4.5209,2.6406
258.1997,-1.2687,-1.9110,4.5084,2.5974
259.6916,-1.3019,-1.9416,4.4958,2.5542
261.1920,-1.3350,-1.9720,4.4832,2.5112
262.7012,-1.3680,-2.0023,4.4705,2.4682
264.2190,-1.4008,-2.0324,4.4577,2.4253
265.7457,-1.4335,-2.0624,4.4448,2.3824
267.2811,-1.4661,-2.0923,4.4319,2.3397
268.8254,-1.4985,-2.1220,4.4189,2.2969
270.3787,-1.5308,-2.1516,4.4059,2.2543
271.9409,-1.5630,-2.1810,4.3927,2.2118
273.5121,-1.5950,-2.2103,4.3796,2.1693
275.0925,-1.6270,-2.2395,4.3663,2.1269
276.6819,-1.6587,-2.2685,4.3530,2.0845
278.2806,-1.6904,-2.2974,4.3396,2.0423
279.8884,-1.7219,-2.3261,4.3262,2.0001
281.5056,-1.7533,-2.3547,4.3126,1.9580
283.1321,-1.7845,-2.3832,4.2991,1.9159
284.7680,-1.8156,-2.4115,4.2854,1.8740
286.4134,-1.8466,-2.4396,4.2717,1.8321
288.0682,-1.8774,-2.4677,4.2580,1.7903
289.7327,-1.9081,-2.4956,4.2441,1.7486
291.4067,-1.9387,-2.5233,4.2302,1.7069
293.0904,-1.9691,-2.5509,4.2163,1.6654
294.7839,-1.9994,-2.5784,4.2023,1.6239
296.4871,-2.0295,-2.6057,4.1882,1.5825
298.2002,-2.0595,-2.6329,4.1741,1.5412
299.9231,-2.0894,-2.6599,4.1599,1.5000
301.6561,-2.1191,-2.6868,4.1456,1.4588
303.3990,-2.1487,-2.7135,4.1313,1.4178
305.1520,-2.1782,-2.7401,4.1169,1.3768
306.9151,-2.2075,-2.7666,4.1025,1.3359
308.6885,-2.2367,-2.7929,4.0880,1.2951
310.4720,-2.2657,-2.8191,4.0735,1.2544
312.2659,-2.2946,-2.8451,4.0589,1.2138
314.0701,-2.3234,-2.8710,4.0442,1.1732
315.8848,-2.3520,-2.8967,4.0295,1.1328
317.7100,-2.3804,-2.9223,4.0147,1.0924
319.5457,-2.4088,-2.9478,3.9999,1.0522
321.3920,-2.4369,-2.9731,3.9851,1.0120
323.2489,-2.4650,-2.9982,3.9701,0.9719
325.1166,-2.4929,-3.0233,3.9552,0.9319
326.9951,-2.5207,-3.0481,3.9401,0.8920
328.8845,-2.5483,-3.0729,3.9251,0.8522
330.7847,-2.5757,-3.0974,3.9099,0.8125
332.6959,-2.6031,-3.1219,3.8947,0.7729
334.6182,-2.6303,-3.1462,3.8795,0.7333
336.5516,-2.6573,-3.1703,3.8643,0.6939
338.4962,-2.6842,-3.1943,3.8489,0.6546
340.4520,-2.7110,-3.2182,3.8336,0.6154
342.4191,-2.7376,-3.2419,3.8182,0.5762
344.3975,-2.7641,-3.2655,3.8027,0.5372
346.3874,-2.7904,-3.2889,3.7872,0.4982
348.3888,-2.8166,-3.3122,3.7716,0.4594
350.4018,-2.8426,-3.3354,3.7561,0.4207
352.4263,-2.8685,-3.3584,3.7404,0.3820
354.4626,-2.8943,-3.3813,3.7248,0.3435
356.5107,-2.9199,-3.4040,3.7090,0.3051
358.5705,-2.9453,-3.4265,3.6933,0.2667
360.6423,-2.9707,-3.4490,3.6775,0.2285
362.7261,-2.9958,-3.4713,3.6617,0.1904
364.8219,-3.0209,-3.4934,3.6458,0.1524
366.9298,-3.0458,-3.5154,3.6299,0.1145
369.0499,-3.0705,-3.5373,3.6140,0.0767
371.1822,-3.0951,-3.5590,3.5980,0.0390
373.3268,-3.1196,-3.5806,3.5820,0.0014
375.4839,-3.1439,-3.6020,3.5659,-0.0361
377.6534,-3.1680,-3.6233,3.5499,-0.0735
379.8354,-3.1921,-3.6445,3.5337,-0.1107
382.0301,-3.2159,-3.6655,3.5176,-0.1479
384.2374,-3.2397,-3.6864,3.5014,-0.1849
386.4575,-3.2633,-3.7071,3.4852,-0.2219
388.6904,-3.2867,-3.7277,3.4690,-0.2587
390.9362,-3.3100,-3.7482,3.4528,-0.2954
393.1950,-3.3332,-3.7685,3.4365,-0.3320
395.4668,-3.3562,-3.7887,3.4202,-0.3685
397.7518,-3.3791,-3.8087,3.4039,-0.4048
400.0500,-3.4018,-3.8286,3.3875,-0.4411
402.3614,-3.4244,-3.8484,3.3712,-0.4772
404.6862,-3.4468,-3.8680,3.3548,-0.5132
407.0244,-3.4691,-3.8875,3.3383,-0.5491
409.3762,-3.4913,-3.9068,3.3219,-0.5849
411.7415,-3.5133,-3.9261,3.3055,-0.6206
414.1205,-3.5352,-3.9451,3.2890,-0.6561
416.5133,-3.5569,-3.9641,3.2725,-0.6916
418.9198,-3.5785,-3.9829,3.2560,-0.7269
421.3403,-3.6000,-4.0016,3.2395,-0.7621
423.7748,-3.6213,-4.0201,3.2229,-0.7972
426.2233,-3.6425,-4.0385,3.2064,-0.8321
428.6860,-3.6635,-4.0568,3.1898,-0.8669
431.1629,-3.6844,-4.0749,3.1733,-0.9016
433.6541,-3.7051,-4.0929,3.1567,-0.9362
436.1597,-3.7257,-4.1108,3.1401,-0.9707
438.6798,-3.7462,-4.1285,3.1235,-1.0050
441.2144,-3.7665,-4.1461,3.1069,-1.0392
443.7637,-3.7867,-4.1636,3.0903,-1.0733
446.3277,-3.8068,-4.1809,3.0737,-1.1073
448.9065,-3.8267,-4.1982,3.0571,-1.1411
451.5003,-3.8465,-4.2152,3.0404,-1.1748
454.1090,-3.8661,-4.2322,3.0238,-1.2084
456.7328,-3.8856,-4.2490,3.0072,-1.2419
459.3717,-3.9050,-4.2657,2.9905,-1.2752
462.0259,-3.9242,-4.2823,2.9739,-1.3084
464.6955,-3.9433,-4.2987,2.9573,-1.3414
467.3804,-3.9623,-4.3151,2.9407,-1.3744
470.0809,-3.9811,-4.3312,2.9241,-1.4072
472.7970,-3.9998,-4.3473,2.9074,-1.4399
475.5288,-4.0183,-4.3632,2.8908,-1.4724
478.2763,-4.0367,-4.3791,2.8742,-1.5048
481.0397,-4.0550,-4.3947,2.8576,-1.5371
483.8191,-4.0732,-4.4103,2.8410,-1.5693
486.6146,-4.0912,-4.4258,2.8245,-1.6013
489.4262,-4.1091,-4.4411,2.8079,-1.6332
492.2540,-4.1268,-4.4563,2.7913,-1.6649
495.0982,-4.1444,-4.4713,2.7748,-1.6966
497.9589,-4.1619,-4.4863,2.7583,-1.7280
500.8360,-4.1793,-4.5011,2.7417,-1.7594
503.7298,-4.1965,-4.5158,2.7252,-1.7906
506.6403,-4.2136,-4.5304,2.7088,-1.8217
509.5676,-4.2306,-4.5449,2.6923,-1.8526
512.5118,-4.2474,-4.5593,2.6758,-1.8834
515.4731,-4.2641,-4.5735,2.6594,-1.9141
518.4514,-4.2807,-4.5876,2.6430,-1.9446
521.4470,-4.2972,-4.6016,2.6266,-1.9750
524.4598,-4.3135,-4.6155,2.6102,-2.0053
527.4901,-4.3297,-4.6293,2.5939,-2.0354
530.5379,-4.3458,-4.6430,2.5776,-2.0654
533.6033,-4.3617,-4.6565,2.5613,-2.0952
536.6864,-4.3776,-4.6699,2.5450,-2.1249
539.7873,-4.3933,-4.6833,2.5288,-2.1545
542.9061,-4.4088,-4.6965,2.5125,-2.1839
546.0430,-4.4243,-4.7096,2.4963,-2.2132
549.1980,-4.4396,-4.7225,2.4802,-2.2424
552.3712,-4.4548,-4.7354,2.4640,-2.2714
555.5627,-4.4699,-4.7482,2.4479,-2.3002
558.7727,-4.4849,-4.7608,2.4319,-2.3290
562.0012,-4.4997,-4.7734,2.4158,-2.3575
565.2484,-4.5144,-4.7858,2.3998,-2.3860
568.5143,-4.5291,-4.7982,2.3839,-2.4143
571.7992,-4.5435,-4.8104,2.3679,-2.4424
575.1029,-4.5579,-4.8225,2.3520,-2.4705
578.4258,-4.5722,-4.8345,2.3362,-2.4983
581.7679,-4.5863,-4.8464,2.3203,-2.5261
585.1293,-4.6003,-4.8582,2.3046,-2.5537
588.5101,-4.6142,-4.8699,2.2888,-2.5811
591.9105,-4.6280,-4.8815,2.2731,-2.6084
595.3305,-4.6417,-4.8930,2.2574,-2.6356
598.7702,-4.6552,-4.9044,2.2418,-2.6626
602.2298,-4.6687,-4.9157,2.2262,-2.6895
605.7095,-4.6820,-4.9269,2.2107,-2.7162
609.2092,-4.6952,-4.9380,2.1952,-2.7428
612.7291,-4.7083,-4.9490,2.1797,-2.7692
616.2694,-4.7213,-4.9599,2.1643,-2.7955
619.8302,-4.7342,-4.9707,2.1490,-2.8217
623.4115,-4.7470,-4.9813,2.1337,-2.8477
627.0135,-4.7596,-4.9920,2.1184,-2.8736
630.6363,-4.7722,-5.0025,2.1032,-2.8993
634.2800,-4.7846,-5.0129,2.0880,-2.9249
637.9448,-4.7970,-5.0232,2.0729,-2.9503
641.6308,-4.8092,-5.0334,2.0578,-2.9756
645.3381,-4.8213,-5.0435,2.0428,-3.0007
649.0668,-4.8334,-5.0536,2.0278,-3.0257
652.8170,-4.8453,-5.0635,2.0129,-3.0506
656.5889,-4.8571,-5.0734,1.9980,-3.0753
660.3826,-4.8688,-5.0831,1.9832,-3.0999
664.1982,-4.8804,-5.0928,1.9685,-3.1243
668.0359,-4.8919,-5.1024,1.9538,-3.1486
671.8957,-4.9033,-5.1119,1.9391,-3.1727
675.7779,-4.9146,-5.1213,1.9245,-3.1967
679.6825,-4.9258,-5.1306,1.9100,-3.2206
683.6096,-4.9369,-5.1398,1.8955,-3.2443
687.5594,-4.9479,-5.1490,1.8811,-3.2679
691.5321,-4.9588,-5.1580,1.8667,-3.2913
695.5276,-4.9696,-5.1670,1.8524,-3.3146
699.5463,-4.9803,-5.1759,1.8382,-3.3377
703.5882,-4.9909,-5.1847,1.8240,-3.3607
707.6535,-5.0015,-5.1934,1.8099,-3.3835
711.7422,-5.0119,-5.2020,1.7958,-3.4062
715.8546,-5.0222,-5.2106,1.7818,-3.4288
719.9907,-5.0324,-5.2191,1.7679,-3.4512
724.1508,-5.0426,-5.2275,1.7540,-3.4735
728.3348,-5.0526,-5.2358,1.7402,-3.4956
732.5431,-5.0626,-5.2440,1.7264,-3.5176
736.7756,-5.0724,-5.2522,1.7127,-3.5395
741.0326,-5.0822,-5.2602,1.6991,-3.5612
745.3142,-5.0919,-5.2682,1.6855,-3.5827
749.6206,-5.1015,-5.2762,1.6720,-3.6042
753.9518,-5.1110,-5.2840,1.6586,-3.6254
758.3081,-5.1204,-5.2918,1.6452,-3.6466
762.6895,-5.1297,-5.2995,1.6319,-3.6676
767.0962,-5.1389,-5.3071,1.6186,-3.6885
771.5284,-5.1481,-5.3146,1.6055,-3.7092
775.9862,-5.1572,-5.3221,1.5923,-3.7298
780.4698,-5.1661,-5.3295,1.5793,-3.7502
784.9793,-5.1750,-5.3368,1.5663,-3.7705
789.5148,-5.1838,-5.3441,1.5534,-3.7907
794.0765,-5.1926,-5.3513,1.5406,-3.8107
798.6646,-5.2012,-5.3584,1.5278,-3.8306
803.2792,-5.2098,-5.3654,1.5151,-3.8503
807.9205,-5.2183,-5.3724,1.5024,-3.8699
812.5885,-5.2267,-5.3793,1.4899,-3.8894
817.2836,-5.2350,-5.3861,1.4774,-3.9088
822.0058,-5.2432,-5.3929,1.4649,-3.9280
826.7552,-5.2514,-5.3996,1.4526,-3.9470
831.5321,-5.2595,-5.4062,1.4403,-3.9660
836.3366,-5.2675,-5.4128,1.4280,-3.9848
841.1689,-5.2754,-5.4193,1.4159,-4.0034
846.0291,-5.2833,-5.4257,1.4038,-4.0219
850.9173,-5.2910,-5.4321,1.3918,-4.0403
855.8339,-5.2987,-5.4384,1.3798,-4.0586
860.7788,-5.3064,-5.4447,1.3680,-4.0767
865.7523,-5.3139,-5.4509,1.3562,-4.0947
870.7545,-5.3214,-5.4570,1.3444,-4.1126
875.7856,-5.3288,-5.4630,1.3327,-4.1303
880.8458,-5.3361,-5.4690,1.3212,-4.1479
885.9352,-5.3434,-5.4750,1.3096,-4.1653
891.0541,-5.3506,-5.4808,1.2982,-4.1827
896.2025,-5.3577,-5.4867,1.2868,-4.1999
901.3806,-5.3647,-5.4924,1.2755,-4.2169
906.5887,-5.3717,-5.4981,1.2642,-4.2339
911.8269,-5.3786,-5.5038,1.2531,-4.2507
917.0953,-5.3855,-5.5094,1.2420,-4.2674
922.3942,-5.3923,-5.5149,1.2309,-4.2839
927.7237,-5.3990,-5.5204,1.2200,-4.3004
933.0840,-5.4056,-5.5258,1.2091,-4.3167
938.4752,-5.4122,-5.5311,1.1983,-4.3329
943.8977,-5.4187,-5.5364,1.1875,-4.3489
949.3514,-5.4251,-5.5417,1.1769,-4.3648
954.8366,-5.4315,-5.5469,1.1663,-4.3806
960.3536,-5.4378,-5.5520,1.1557,-4.3963
965.9024,-5.4441,-5.5571,1.1453,-4.4119
971.4833,-5.4503,-5.5622,1.1349,-4.4273
977.0964,-5.4564,-5.5672,1.1246,-4.4426
982.7420,-5.4625,-5.5721,1.1143,-4.4578
988.4201,-5.4685,-5.5770,1.1041,-4.4728
994.1311,-5.4744,-5.5818,1.0940,-4.4878
999.8751,-5.4803,-5.5866,1.0840,-4.5026
1005.6523,-5.4861,-5.5913,1.0740,-4.5173
1011.4628,-5.4919,-5.5960,1.0641,-4.5319
1017.3070,-5.4976,-5.6006,1.0543,-4.5464
1023.1848,-5.5032,-5.6052,1.0445,-4.5607
1029.0967,-5.5088,-5.6098,1.0348,-4.5749
1035.0427,-5.5144,-5.6143,1.0252,-4.5890
1041.0231,-5.5198,-5.6187,1.0157,-4.6030
1047.0380,-5.5253,-5.6231,1.0062,-4.6169
1053.0877,-5.5306,-5.6275,0.9968,-4.6307
1059.1723,-5.5359,-5.6318,0.9875,-4.6443
1065.2921,-5.5412,-5.6360,0.9782,-4.6579
1071.4472,-5.5464,-5.6403,0.9690,-4.6713
1077.6379,-5.5515,-5.6444,0.9598,-4.6846
1083.8644,-5.5566,-5.6486,0.9508,-4.6978
1090.1268,-5.5617,-5.6527,0.9418,-4.7109
1096.4255,-5.5667,-5.6567,0.9329,-4.7238
1102.7605,-5.5716,-5.6607,0.9240,-4.7367
1109.1321,-5.5765,-5.6647,0.9152,-4.7495
1115.5406,-5.5813,-5.6686,0.9065,-4.7621
1121.9861,-5.5861,-5.6724,0.8978,-4.7746
1128.4688,-5.5909,-5.6763,0.8892,-4.7871
1134.9889,-5.5956,-5.6801,0.8807,-4.7994
1141.5468,-5.6002,-5.6838,0.8722,-4.8116
1148.1425,-5.6048,-5.6875,0.8638,-4.8237
1154.7764,-5.6093,-5.6912,0.8555,-4.8357
1161.4485,-5.6138,-5.6949,0.8473,-4.8476
1168.1593,-5.6183,-5.6985,0.8391,-4.8594
1174.9088,-5.6227,-5.7020,0.8309,-4.8711
1181.6973,-5.6271,-5.7055,0.8229,-4.8827
1188.5250,-5.6314,-5.7090,0.8149,-4.8941
1195.3921,-5.6356,-5.7125,0.8069,-4.9055
1202.2990,-5.6399,-5.7159,0.7991,-4.9168
1209.2457,-5.6440,-5.7192,0.7912,-4.9280
1216.2326,-5.6482,-5.7226,0.7835,-4.9391
1223.2599,-5.6523,-5.7259,0.7758,-4.9501
1230.3278,-5.6563,-5.7291,0.7682,-4.9609
1237.4365,-5.6603,-5.7324,0.7607,-4.9717
1244.5862,-5.6643,-5.7356,0.7532,-4.9824
1251.7773,-5.6682,-5.7387,0.7457,-4.9930
1259.0099,-5.6721,-5.7419,0.7384,-5.0035
1266.2844,-5.6759,-5.7450,0.7311,-5.0139
1273.6008,-5.6797,-5.7480,0.7238,-5.0242
1280.9596,-5.6835,-5.7510,0.7166,-5.0344
1288.3608,-5.6872,-5.7540,0.7095,-5.0445
1295.8048,-5.6909,-5.7570,0.7024,-5.0546
1303.2918,-5.6945,-5.7599,0.6954,-5.0645
1310.8221,-5.6981,-5.7628,0.6885,-5.0743
1318.3959,-5.7017,-5.7657,0.6816,-5.0841
1326.0134,-5.7052,-5.7685,0.6748,-5.0938
1333.6750,-5.7087,-5.7713,0.6680,-5.1033
1341.3808,-5.7121,-5.7741,0.6613,-5.1128
1349.1312,-5.7155,-5.7769,0.6547,-5.1222
1356.9263,-5.7189,-5.7796,0.6481,-5.1315
1364.7665,-5.7223,-5.7823,0.6415,-5.1407
1372.6520,-5.7256,-5.7849,0.6351,-5.1499
1380.5830,-5.7288,-5.7876,0.6286,-5.1589
1388.5599,-5.7321,-5.7902,0.6223,-5.1679
1396.5828,-5.7353,-5.7927,0.6160,-5.1768
1404.6521,-5.7384,-5.7953,0.6097,-5.1856
1412.7680,-5.7416,-5.7978,0.6035,-5.1943
1420.9309,-5.7447,-5.8003,0.5974,-5.2029
1429.1409,-5.7477,-5.8027,0.5913,-5.2114
1437.3983,-5.7508,-5.8052,0.5853,-5.2199
1445.7034,-5.7538,-5.8076,0.5793,-5.2283
1454.0565,-5.7567,-5.8100,0.5734,-5.2366
1462.4579,-5.7597,-5.8123,0.5675,-5.2448
1470.9078,-5.7626,-5.8147,0.5617,-5.2530
1479.4066,-5.7654,-5.8170,0.5559,-5.2610
1487.9544,-5.7683,-5.8192,0.5502,-5.2690
1496.5517,-5.7711,-5.8215,0.5445,-5.2769
1505.1986,-5.7739,-5.8237,0.5389,-5.2848
1513.8955,-5.7766,-5.8259,0.5334,-5.2925
1522.6426,-5.7793,-5.8281,0.5279,-5.3002
1531.4402,-5.7820,-5.8303,0.5224,-5.3078
1540.2887,-5.7847,-5.8324,0.5170,-5.3154
1549.1884,-5.7873,-5.8345,0.5117,-5.3228
1558.1394,-5.7899,-5.8366,0.5064,-5.3302
1567.1422,-5.7925,-5.8387,0.5011,-5.3376
1576.1969,-5.7950,-5.8407,0.4959,-5.3448
1585.3040,-5.7975,-5.8427,0.4907,-5.3520
1594.4637,-5.8000,-5.8447,0.4856,-5.3591
1603.6764,-5.8025,-5.8467,0.4806,-5.3661
1612.9423,-5.8049,-5.8486,0.4756,-5.3731
1622.2617,-5.8074,-5.8506,0.4706,-5.3800
1631.6349,-5.8097,-5.8525,0.4657,-5.3868
1641.0623,-5.8121,-5.8544,0.4608,-5.3936
1650.5442,-5.8144,-5.8562,0.4560,-5.4003
1660.0809,-5.8167,-5.8581,0.4512,-5.4069
1669.6726,-5.8190,-5.8599,0.4465,-5.4135
1679.3198,-5.8213,-5.8617,0.4418,-5.4199
1689.0228,-5.8235,-5.8635,0.4371,-5.4264
1698.7817,-5.8257,-5.8653,0.4325,-5.4327
1708.5971,-5.8279,-5.8670,0.4280,-5.4390
1718.4692,-5.8301,-5.8688,0.4235,-5.4453
1728.3983,-5.8322,-5.8705,0.4190,-5.4515
1738.3848,-5.8343,-5.8722,0.4146,-5.4576
1748.4290,-5.8364,-5.8738,0.4102,-5.4636
1758.5313,-5.8385,-5.8755,0.4059,-5.4696
1768.6919,-5.8405,-5.8771,0.4016,-5.4756
1778.9112,-5.8425,-5.8787,0.3973,-5.4814
1789.1895,-5.8445,-5.8803,0.3931,-5.4872
1799.5273,-5.8465,-5.8819,0.3889,-5.4930
1809.9248,-5.8485,-5.8835,0.3848,-5.4987
1820.3823,-5.8504,-5.8850,0.3807,-5.5043
1830.9003,-5.8523,-5.8866,0.3767,-5.5099
1841.4790,-5.8542,-5.8881,0.3726,-5.5154
1852.1189,-5.8561,-5.8896,0.3687,-5.5209
1862.8202,-5.8579,-5.8911,0.3647,-5.5263
1873.5834,-5.8598,-5.8925,0.3608,-5.5317
1884.4088,-5.8616,-5.8940,0.3570,-5.5370
1895.2967,-5.8634,-5.8954,0.3532,-5.5422
1906.2475,-5.8651,-5.8968,0.3494,-5.5474
1917.2616,-5.8669,-5.8982,0.3457,-5.5525
1928.3393,-5.8686,-5.8996,0.3420,-5.5576
1939.4811,-5.8703,-5.9010,0.3383,-5.5627
1950.6872,-5.8720,-5.9023,0.3347,-5.5677
1961.9580,-5.8737,-5.9036,0.3311,-5.5726
1973.2940,-5.8753,-5.9050,0.3275,-5.5775
1984.6955,-5.8770,-5.9063,0.3240,-5.5823
1996.1628,-5.8786,-5.9076,0.3205,-5.5871
2007.6965,-5.8802,-5.9088,0.3170,-5.5918
2019.2967,-5.8818,-5.9101,0.3136,-5.5965
2030.9640,-5.8833,-5.9114,0.3102,-5.6011
2042.6987,-5.8849,-5.9126,0.3069,-5.6057
2054.5012,-5.8864,-5.9138,0.3036,-5.6102
2066.3719,-5.8879,-5.9150,0.3003,-5.6147
2078.3111,-5.8894,-5.9162,0.2971,-5.6192
2090.3194,-5.8909,-5.9174,0.2938,-5.6236
2102.3970,-5.8924,-5.9186,0.2907,-5.6279
2114.5444,-5.8938,-5.9197,0.2875,-5.6322
2126.7621,-5.8953,-5.9209,0.2844,-5.6365
2139.0503,-5.8967,-5.9220,0.2813,-5.6407
2151.4095,-5.8981,-5.9231,0.2783,-5.6448
2163.8401,-5.8995,-5.9242,0.2752,-5.6490
2176.3425,-5.9008,-5.9253,0.2723,-5.6531
2188.9172,-5.9022,-5.9264,0.2693,-5.6571
2201.5645,-5.9035,-5.9275,0.2664,-5.6611
2214.2849,-5.9048,-5.9285,0.2635,-5.6650
2227.0788,-5.9061,-5.9296,0.2606,-5.6690
2239.9466,-5.9074,-5.9306,0.2578,-5.6728
2252.8888,-5.9087,-5.9316,0.2549,-5.6767
2265.9057,-5.9100,-5.9326,0.2522,-5.6805
2278.9979,-5.9112,-5.9336,0.2494,-5.6842
2292.1657,-5.9125,-5.9346,0.2467,-5.6879
2305.4096,-5.9137,-5.9356,0.2440,-5.6916
2318.7300,-5.9149,-5.9365,0.2413,-5.6952
2332.1274,-5.9161,-5.9375,0.2387,-5.6988
2345.6021,-5.9173,-5.9384,0.2361,-5.7024
2359.1548,-5.9185,-5.9394,0.2335,-5.7059
2372.7857,-5.9196,-5.9403,0.2309,-5.7094
2386.4954,-5.9208,-5.9412,0.2284,-5.7128
2400.2843,-5.9219,-5.9421,0.2259,-5.7162
2414.1529,-5.9230,-5.9430,0.2234,-5.7196
2428.1016,-5.9241,-5.9439,0.2210,-5.7229
2442.1309,-5.9252,-5.9448,0.2185,-5.7262
2456.2413,-5.9263,-5.9456,0.2161,-5.7295
2470.4332,-5.9274,-5.9465,0.2138,-5.7327
2484.7071,-5.9284,-5.9473,0.2114,-5.7359
2499.0635,-5.9295,-5.9481,0.2091,-5.7390
2513.5028,-5.9305,-5.9490,0.2068,-5.7422
2528.0255,-5.9315,-5.9498,0.2045,-5.7453
2542.6322,-5.9325,-5.9506,0.2023,-5.7483
2557.3232,-5.9335,-5.9514,0.2000,-5.7513
2572.0992,-5.9345,-5.9522,0.1978,-5.7543
2586.9605,-5.9355,-5.9529,0.1956,-5.7573
2601.9077,-5.9365,-5.9537,0.1935,-5.7602
2616.9412,-5.9374,-5.9545,0.1914,-5.7631
2632.0616,-5.9384,-5.9552,0.1892,-5.7660
2647.2694,-5.9393,-5.9560,0.1872,-5.7688
2662.5650,-5.9402,-5.9567,0.1851,-5.7716
2677.9490,-5.9411,-5.9574,0.1830,-5.7744
2693.4219,-5.9420,-5.9581,0.1810,-5.7771
2708.9842,-5.9429,-5.9589,0.1790,-5.7799
2724.6364,-5.9438,-5.9596,0.1770,-5.7825
2740.3791,-5.9447,-5.9603,0.1751,-5.7852
2756.2127,-5.9455,-5.9609,0.1731,-5.7878
2772.1378,-5.9464,-5.9616,0.1712,-5.7904
2788.1549,-5.9472,-5.9623,0.1693,-5.7930
2804.2646,-5.9481,-5.9630,0.1674,-5.7955
2820.4673,-5.9489,-5.9636,0.1656,-5.7980
2836.7637,-5.9497,-5.9643,0.1637,-5.8005
2853.1542,-5.9505,-5.9649,0.1619,-5.8030
2869.6394,-5.9513,-5.9655,0.1601,-5.8054
2886.2199,-5.9521,-5.9662,0.1583,-5.8078
2902.8961,-5.9529,-5.9668,0.1566,-5.8102
2919.6688,-5.9536,-5.9674,0.1548,-5.8126
2936.5383,-5.9544,-5.9680,0.1531,-5.8149
2953.5053,-5.9552,-5.9686,0.1514,-5.8172
2970.5703,-5.9559,-5.9692,0.1497,-5.8195
2987.7340,-5.9566,-5.9698,0.1481,-5.8217
3004.9968,-5.9574,-5.9704,0.1464,-5.8239
3022.3593,-5.9581,-5.9709,0.1448,-5.8261
3039.8222,-5.9588,-5.9715,0.1432,-5.8283
3057.3859,-5.9595,-5.9721,0.1416,-5.8305
3075.0512,-5.9602,-5.9726,0.1400,-5.8326
3092.8185,-5.9609,-5.9732,0.1384,-5.8347
3110.6885,-5.9616,-5.9737,0.1369,-5.8368
3128.6617,-5.9622,-5.9742,0.1354,-5.8389
3146.7387,-5.9629,-5.9748,0.1339,-5.8409
3164.9203,-5.9636,-5.9753,0.1324,-5.8429
3183.2068,-5.9642,-5.9758,0.1309,-5.8449
3201.5991,-5.9648,-5.9763,0.1294,-5.8469
3220.0975,-5.9655,-5.9768,0.1280,-5.8488
3238.7029,-5.9661,-5.9773,0.1265,-5.8508
3257.4158,-5.9667,-5.9778,0.1251,-5.8527
3276.2368,-5.9673,-5.9783,0.1237,-5.8546
3295.1665,-5.9679,-5.9788,0.1223,-5.8564
3314.2057,-5.9685,-5.9793,0.1210,-5.8583
3333.3548,-5.9691,-5.9797,0.1196,-5.8601
3352.6145,-5.9697,-5.9802,0.1183,-5.8619
3371.9856,-5.9703,-5.9807,0.1170,-5.8637
3391.4685,-5.9709,-5.9811,0.1156,-5.8655
3411.0641,-5.9714,-5.9816,0.1143,-5.8672
3430.7728,-5.9720,-5.9820,0.1131,-5.8689
3450.5955,-5.9726,-5.9824,0.1118,-5.8706
3470.5326,-5.9731,-5.9829,0.1105,-5.8723
3490.5850,-5.9736,-5.9833,0.1093,-5.8740
3510.7532,-5.9742,-5.9837,0.1081,-5.8757
3531.0380,-5.9747,-5.9842,0.1069,-5.8773
3551.4399,-5.9752,-5.9846,0.1057,-5.8789
3571.9598,-5.9757,-5.9850,0.1045,-5.8805
3592.5982,-5.9763,-5.9854,0.1033,-5.8821
3613.3558,-5.9768,-5.9858,0.1021,-5.8836
3634.2334,-5.9773,-5.9862,0.1010,-5.8852
3655.2316,-5.9778,-5.9866,0.0999,-5.8867
3676.3511,-5.9782,-5.9870,0.0987,-5.8882
3697.5927,-5.9787,-5.9874,0.0976,-5.8897
3718.9570,-5.9792,-5.9877,0.0965,-5.8912
3740.4447,-5.9797,-5.9881,0.0954,-5.8927
3762.0566,-5.9801,-5.9885,0.0944,-5.8941
3783.7934,-5.9806,-5.9888,0.0933,-5.8955
3805.6557,-5.9811,-5.9892,0.0923,-5.8969
3827.6444,-5.9815,-5.9896,0.0912,-5.8983
3849.7601,-5.9820,-5.9899,0.0902,-5.8997
3872.0036,-5.9824,-5.9903,0.0892,-5.9011
3894.3756,-5.9828,-5.9906,0.0882,-5.9024
3916.8769,-5.9833,-5.9910,0.0872,-5.9038
3939.5082,-5.9837,-5.9913,0.0862,-5.9051
3962.2702,-5.9841,-5.9916,0.0852,-5.9064
3985.1638,-5.9845,-5.9920,0.0843,-5.9077
4008.1896,-5.9849,-5.9923,0.0833,-5.9090
4031.3485,-5.9853,-5.9926,0.0824,-5.9102
4054.6412,-5.9858,-5.9929,0.0814,-5.9115
4078.0685,-5.9861,-5.9932,0.0805,-5.9127
4101.6311,-5.9865,-5.9936,0.0796,-5.9139
4125.3299,-5.9869,-5.9939,0.0787,-5.9151
4149.1656,-5.9873,-5.9942,0.0778,-5.9163
4173.1391,-5.9877,-5.9945,0.0770,-5.9175
4197.2510,-5.9881,-5.9948,0.0761,-5.9187
4221.5023,-5.9884,-5.9951,0.0752,-5.9198
4245.8936,-5.9888,-5.9954,0.0744,-5.9210
4270.4260,-5.9892,-5.9956,0.0735,-5.9221
4295.1000,-5.9895,-5.9959,0.0727,-5.9232
4319.9166,-5.9899,-5.9962,0.0719,-5.9243
4344.8767,-5.9902,-5.9965,0.0711,-5.9254
4369.9809,-5.9906,-5.9968,0.0703,-5.9265
4395.2302,-5.9909,-5.9970,0.0695,-5.9276
4420.6253,-5.9913,-5.9973,0.0687,-5.9286
4446.1672,-5.9916,-5.9976,0.0679,-5.9297
4471.8567,-5.9919,-5.9978,0.0671,-5.9307
4497.6946,-5.9923,-5.9981,0.0664,-5.9317
4523.6818,-5.9926,-5.9984,0.0656,-5.9327
4549.8191,-5.9929,-5.9986,0.0649,-5.9337
4576.1075,-5.9932,-5.9989,0.0642,-5.9347
4602.5477,-5.9935,-5.9991,0.0634,-5.9357
4629.1408,-5.9938,-5.9994,0.0627,-5.9366
4655.8874,-5.9941,-5.9996,0.0620,-5.9376
4682.7887,-5.9944,-5.9998,0.0613,-5.9385
4709.8453,-5.9947,-6.0001,0.0606,-5.9395
4737.0583,-5.9950,-6.0003,0.0599,-5.9404
4764.4285,-5.9953,-6.0005,0.0592,-5.9413
4791.9568,-5.9956,-6.0008,0.0586,-5.9422
4819.6443,-5.9959,-6.0010,0.0579,-5.9431
4847.4916,-5.9962,-6.0012,0.0573,-5.9440
4875.4999,-5.9965,-6.0014,0.0566,-5.9448
4903.6700,-5.9967,-6.0017,0.0560,-5.9457
4932.0029,-5.9970,-6.0019,0.0553,-5.9466
4960.4995,-5.9973,-6.0021,0.0547,-5.9474
4989.1607,-5.9976,-6.0023,0.0541,-5.9482
5017.9875,-5.9978,-6.0025,0.0535,-5.9490
5046.9809,-5.9981,-6.0027,0.0529,-5.9499
5076.1418,-5.9983,-6.0029,0.0523,-5.9507
5105.4712,-5.9986,-6.0031,0.0517,-5.9515
5134.9701,-5.9988,-6.0033,0.0511,-5.9522
5164.6394,-5.9991,-6.0035,0.0505,-5.9530
5194.4801,-5.9993,-6.0037,0.0499,-5.9538
5224.4933,-5.9996,-6.0039,0.0494,-5.9545
5254.6798,-5.9998,-6.0041,0.0488,-5.9553
5285.0408,-6.0001,-6.0043,0.0483,-5.9560
5315.5772,-6.0003,-6.0045,0.0477,-5.9568
5346.2900,-6.0005,-6.0047,0.0472,-5.9575
5377.1803,-6.0008,-6.0048,0.0466,-5.9582
5408.2491,-6.0010,-6.0050,0.0461,-5.9589
5439.4974,-6.0012,-6.0052,0.0456,-5.9596
5470.9262,-6.0014,-6.0054,0.0451,-5.9603
5502.5366,-6.0016,-6.0056,0.0445,-5.9610
5534.3297,-6.0019,-6.0057,0.0440,-5.9617
5566.3064,-6.0021,-6.0059,0.0435,-5.9624
5598.4679,-6.0023,-6.0061,0.0430,-5.9630
5630.8153,-6.0025,-6.0062,0.0426,-5.9637
5663.3495,-6.0027,-6.0064,0.0421,-5.9643
5696.0717,-6.0029,-6.0066,0.0416,-5.9650
5728.9830,-6.0031,-6.0067,0.0411,-5.9656
5762.0845,-6.0033,-6.0069,0.0407,-5.9662
5795.3772,-6.0035,-6.0070,0.0402,-5.9668
5828.8622,-6.0037,-6.0072,0.0397,-5.9675
5862.5408,-6.0039,-6.0073,0.0393,-5.9681
5896.4139,-6.0041,-6.0075,0.0388,-5.9687
5930.4827,-6.0043,-6.0076,0.0384,-5.9693
5964.7484,-6.0045,-6.0078,0.0380,-5.9698
5999.2121,-6.0046,-6.0079,0.0375,-5.9704
6033.8749,-6.0048,-6.0081,0.0371,-5.9710
6068.7380,-6.0050,-6.0082,0.0367,-5.9716
6103.8025,-6.0052,-6.0084,0.0363,-5.9721
6139.0696,-6.0054,-6.0085,0.0358,-5.9727
6174.5405,-6.0055,-6.0086,0.0354,-5.9732
6210.2163,-6.0057,-6.0088,0.0350,-5.9737
6246.0983,-6.0059,-6.0089,0.0346,-5.9743
6282.1875,-6.0060,-6.0091,0.0342,-5.9748
6318.4853,-6.0062,-6.0092,0.0339,-5.9753
6354.9929,-6.0064,-6.0093,0.0335,-5.9758
6391.7113,-6.0065,-6.0094,0.0331,-5.9764
6428.6419,-6.0067,-6.0096,0.0327,-5.9769
6465.7859,-6.0069,-6.0097,0.0323,-5.9774
6503.1445,-6.0070,-6.0098,0.0320,-5.9779
6540.7190,-6.0072,-6.0099,0.0316,-5.9783
6578.5106,-6.0073,-6.0101,0.0312,-5.9788
6616.5205,-6.0075,-6.0102,0.0309,-5.9793
6654.7500,-6.0076,-6.0103,0.0305,-5.9798
6693.2005,-6.0078,-6.0104,0.0302,-5.9802
6731.8730,-6.0079,-6.0105,0.0298,-5.9807
6770.7691,-6.0081,-6.0107,0.0295,-5.9812
6809.8899,-6.0082,-6.0108,0.0292,-5.9816
6849.2367,-6.0084,-6.0109,0.0288,-5.9820
6888.8108,-6.0085,-6.0110,0.0285,-5.9825
6928.6136,-6.0086,-6.0111,0.0282,-5.9829
6968.6464,-6.0088,-6.0112,0.0279,-5.9834
7008.9105,-6.0089,-6.0113,0.0275,-5.9838
7049.4072,-6.0090,-6.0114,0.0272,-5.9842
7090.1379,-6.0092,-6.0115,0.0269,-5.9846
7131.1040,-6.0093,-6.0116,0.0266,-5.9850
7172.3067,-6.0094,-6.0117,0.0263,-5.9854
7213.7475,-6.0096,-6.0118,0.0260,-5.9858
7255.4278,-6.0097,-6.0119,0.0257,-5.9862
7297.3489,-6.0098,-6.0120,0.0254,-5.9866
7339.5121,-6.0099,-6.0121,0.0251,-5.9870
7381.9190,-6.0101,-6.0122,0.0248,-5.9874
7424.5710,-6.0102,-6.0123,0.0246,-5.9878
7467.4693,-6.0103,-6.0124,0.0243,-5.9881
7510.6156,-6.0104,-6.0125,0.0240,-5.9885
7554.0111,-6.0105,-6.0126,0.0237,-5.9889
7597.6574,-6.0106,-6.0127,0.0235,-5.9892
7641.5558,-6.0108,-6.0128,0.0232,-5.9896
7685.7079,-6.0109,-6.0129,0.0229,-5.9900
7730.1151,-6.0110,-6.0130,0.0227,-5.9903
7774.7788,-6.0111,-6.0131,0.0224,-5.9907
7819.7007,-6.0112,-6.0131,0.0222,-5.9910
7864.8821,-6.0113,-6.0132,0.0219,-5.9913
7910.3245,-6.0114,-6.0133,0.0216,-5.9917
7956.0295,-6.0115,-6.0134,0.0214,-5.9920
8001.9986,-6.0116,-6.0135,0.0212,-5.9923
8048.2333,-6.0117,-6.0136,0.0209,-5.9926
8094.7351,-6.0118,-6.0136,0.0207,-5.9930
8141.5056,-6.0119,-6.0137,0.0204,-5.9933
8188.5463,-6.0120,-6.0138,0.0202,-5.9936
8235.8588,-6.0121,-6.0139,0.0200,-5.9939
8283.4447,-6.0122,-6.0140,0.0197,-5.9942
8331.3056,-6.0123,-6.0140,0.0195,-5.9945
8379.4430,-6.0124,-6.0141,0.0193,-5.9948
8427.8585,-6.0125,-6.0142,0.0191,-5.9951
8476.5537,-6.0126,-6.0143,0.0189,-5.9954
8525.5304,-6.0127,-6.0143,0.0186,-5.9957
8574.7899,-6.0128,-6.0144,0.0184,-5.9960
8624.3342,-6.0129,-6.0145,0.0182,-5.9962
8674.1646,-6.0130,-6.0145,0.0180,-5.9965
8724.2830,-6.0130,-6.0146,0.0178,-5.9968
8774.6910,-6.0131,-6.0147,0.0176,-5.9971
8825.3902,-6.0132,-6.0147,0.0174,-5.9973
8876.3823,-6.0133,-6.0148,0.0172,-5.9976
8927.6691,-6.0134,-6.0149,0.0170,-5.9979
8979.2522,-6.0135,-6.0149,0.0168,-5.9981
9031.1334,-6.0136,-6.0150,0.0166,-5.9984
9083.3143,-6.0136,-6.0151,0.0164,-5.9986
9135.7967,-6.0137,-6.0151,0.0162,-5.9989
9188.5823,-6.0138,-6.0152,0.0161,-5.9991
9241.6730,-6.0139,-6.0153,0.0159,-5.9994
9295.0704,-6.0139,-6.0153,0.0157,-5.9996
9348.7763,-6.0140,-6.0154,0.0155,-5.9999
9402.7925,-6.0141,-6.0154,0.0153,-6.0001
9457.1208,-6.0142,-6.0155,0.0152,-6.0003
9511.7630,-6.0142,-6.0156,0.0150,-6.0006
9566.7210,-6.0143,-6.0156,0.0148,-6.0008
9621.9964,-6.0144,-6.0157,0.0147,-6.0010
9677.5913,-6.0145,-6.0157,0.0145,-6.0012
9733.5074,-6.0145,-6.0158,0.0143,-6.0015
9789.7465,-6.0146,-6.0158,0.0142,-6.0017
9846.3106,-6.0147,-6.0159,0.0140,-6.0019
9903.2015,-6.0147,-6.0159,0.0138,-6.0021
9960.4212,-6.0148,-6.0160,0.0137,-6.0023
10017.9714,-6.0149,-6.0161,0.0135,-6.0025
10075.8541,-6.0149,-6.0161,0.0134,-6.0027
10134.0713,-6.0150,-6.0162,0.0132,-6.0029
10192.6249,-6.0151,-6.0162,0.0131,-6.0031
10251.5168,-6.0151,-6.0163,0.0129,-6.0033
10310.7489,-6.0152,-6.0163,0.0128,-6.0035
10370.3233,-6.0153,-6.0164,0.0126,-6.0037
10430.2419,-6.0153,-6.0164,0.0125,-6.0039
10490.5068,-6.0154,-6.0165,0.0123,-6.0041
10551.1198,-6.0154,-6.0165,0.0122,-6.0043
10612.0830,-6.0155,-6.0165,0.0121,-6.0045
10673.3985,-6.0156,-6.0166,0.0119,-6.0047
10735.0682,-6.0156,-6.0166,0.0118,-6.0049
10797.0943,-6.0157,-6.0167,0.0116,-6.0050
10859.4787,-6.0157,-6.0167,0.0115,-6.0052
10922.2236,-6.0158,-6.0168,0.0114,-6.0054
10985.3310,-6.0158,-6.0168,0.0112,-6.0056
11048.8031,-6.0159,-6.0169,0.0111,-6.0057
11112.6419,-6.0159,-6.0169,0.0110,-6.0059
11176.8495,-6.0160,-6.0169,0.0109,-6.0061
11241.4281,-6.0161,-6.0170,0.0107,-6.0062
11306.3799,-6.0161,-6.0170,0.0106,-6.0064
11371.7069,-6.0162,-6.0171,0.0105,-6.0066
11437.4114,-6.0162,-6.0171,0.0104,-6.0067
11503.4956,-6.0163,-6.0172,0.0103,-6.0069
11569.9615,-6.0163,-6.0172,0.0101,-6.0071
11636.8115,-6.0164,-6.0172,0.0100,-6.0072
11704.0477,-6.0164,-6.0173,0.0099,-6.0074
11771.6724,-6.0165,-6.0173,0.0098,-6.0075
11839.6879,-6.0165,-6.0173,0.0097,-6.0077
11908.0963,-6.0165,-6.0174,0.0096,-6.0078
11976.9000,-6.0166,-6.0174,0.0095,-6.0080
12046.1013,-6.0166,-6.0175,0.0094,-6.0081
12115.7023,-6.0167,-6.0175,0.0093,-6.0082
12185.7055,-6.0167,-6.0175,0.0091,-6.0084
12256.1132,-6.0168,-6.0176,0.0090,-6.0085
12326.9277,-6.0168,-6.0176,0.0089,-6.0087
12398.1514,-6.0169,-6.0176,0.0088,-6.0088
12469.7866,-6.0169,-6.0177,0.0087,-6.0089
12541.8356,-6.0169,-6.0177,0.0086,-6.0091
12614.3010,-6.0170,-6.0177,0.0085,-6.0092
12687.1851,-6.0170,-6.0178,0.0084,-6.0093
12760.4903,-6.0171,-6.0178,0.0083,-6.0095
12834.2190,-6.0171,-6.0178,0.0082,-6.0096
12908.3737,-6.0171,-6.0179,0.0082,-6.0097
12982.9569,-6.0172,-6.0179,0.0081,-6.0098
13057.9710,-6.0172,-6.0179,0.0080,-6.0100
13133.4186,-6.0173,-6.0180,0.0079,-6.0101
13209.3020,-6.0173,-6.0180,0.0078,-6.0102
13285.6240,-6.0173,-6.0180,0.0077,-6.0103
13362.3868,-6.0174,-6.0180,0.0076,-6.0104
13439.5933,-6.0174,-6.0181,0.0075,-6.0106
13517.2458,-6.0175,-6.0181,0.0074,-6.0107
13595.3470,-6.0175,-6.0181,0.0073,-6.0108
13673.8994,-6.0175,-6.0182,0.0073,-6.0109
13752.9057,-6.0176,-6.0182,0.0072,-6.0110
13832.3685,-6.0176,-6.0182,0.0071,-6.0111
13912.2905,-6.0176,-6.0182,0.0070,-6.0112
13992.6742,-6.0177,-6.0183,0.0069,-6.0113
14073.5223,-6.0177,-6.0183,0.0069,-6.0114
14154.8376,-6.0177,-6.0183,0.0068,-6.0115
14236.6227,-6.0178,-6.0183,0.0067,-6.0116
14318.8804,-6.0178,-6.0184,0.0066,-6.0117
14401.6133,-6.0178,-6.0184,0.0066,-6.0118
14484.8243,-6.0179,-6.0184,0.0065,-6.0120
14568.5161,-6.0179,-6.0185,0.0064,-6.0120
14652.6914,-6.0179,-6.0185,0.0063,-6.0121
14737.3530,-6.0180,-6.0185,0.0063,-6.0122
14822.5039,-6.0180,-6.0185,0.0062,-6.0123
14908.1467,-6.0180,-6.0185,0.0061,-6.0124
14994.2843,-6.0180,-6.0186,0.0060,-6.0125
15080.9197,-6.0181,-6.0186,0.0060,-6.0126
15168.0556,-6.0181,-6.0186,0.0059,-6.0127
15255.6950,-6.0181,-6.0186,0.0058,-6.0128
15343.8407,-6.0182,-6.0187,0.0058,-6.0129
15432.4958,-6.0182,-6.0187,0.0057,-6.0130
15521.6631,-6.0182,-6.0187,0.0056,-6.0131
15611.3456,-6.0182,-6.0187,0.0056,-6.0132
15701.5462,-6.0183,-6.0187,0.0055,-6.0132
15792.2681,-6.0183,-6.0188,0.0054,-6.0133
15883.5141,-6.0183,-6.0188,0.0054,-6.0134
15975.2873,-6.0183,-6.0188,0.0053,-6.0135
16067.5908,-6.0184,-6.0188,0.0053,-6.0136
16160.4276,-6.0184,-6.0189,0.0052,-6.0136
16253.8008,-6.0184,-6.0189,0.0051,-6.0137
16347.7135,-6.0184,-6.0189,0.0051,-6.0138
16442.1688,-6.0185,-6.0189,0.0050,-6.0139
16537.1699,-6.0185,-6.0189,0.0050,-6.0140
16632.7199,-6.0185,-6.0190,0.0049,-6.0140
16728.8219,-6.0185,-6.0190,0.0049,-6.0141
16825.4793,-6.0186,-6.0190,0.0048,-6.0142
16922.6951,-6.0186,-6.0190,0.0047,-6.0143
17020.4726,-6.0186,-6.0190,0.0047,-6.0143
17118.8150,-6.0186,-6.0190,0.0046,-6.0144
17217.7257,-6.0187,-6.0191,0.0046,-6.0145
17317.2078,-6.0187,-6.0191,0.0045,-6.0145
17417.2648,-6.0187,-6.0191,0.0045,-6.0146
17517.8998,-6.0187,-6.0191,0.0044,-6.0147
17619.1164,-6.0187,-6.0191,0.0044,-6.0148
17720.9177,-6.0188,-6.0191,0.0043,-6.0148
17823.3073,-6.0188,-6.0192,0.0043,-6.0149
17926.2884,-6.0188,-6.0192,0.0042,-6.0150
18029.8646,-6.0188,-6.0192,0.0042,-6.0150
18134.0392,-6.0189,-6.0192,0.0041,-6.0151
18238.8157,-6.0189,-6.0192,0.0041,-6.0151
18344.1976,-6.0189,-6.0192,0.0040,-6.0152
18450.1884,-6.0189,-6.0193,0.0040,-6.0153
18556.7916,-6.0189,-6.0193,0.0039,-6.0153
18664.0107,-6.0189,-6.0193,0.0039,-6.0154
18771.8493,-6.0190,-6.0193,0.0039,-6.0154
18880.3111,-6.0190,-6.0193,0.0038,-6.0155
18989.3994,-6.0190,-6.0193,0.0038,-6.0156
19099.1181,-6.0190,-6.0193,0.0037,-6.0156
19209.4708,-6.0190,-6.0194,0.0037,-6.0157
19320.4610,-6.0191,-6.0194,0.0036,-6.0157
19432.0926,-6.0191,-6.0194,0.0036,-6.0158
19544.3691,-6.0191,-6.0194,0.0036,-6.0158
19657.2943,-6.0191,-6.0194,0.0035,-6.0159
19770.8721,-6.0191,-6.0194,0.0035,-6.0160
19885.1060,-6.0191,-6.0194,0.0034,-6.0160
20000.0000,-6.0192,-6.0195,0.0034,-6.0161
