freq_Hz,on_axis_dB,listening_window_dB,early_reflections_dB,sound_power_dB,DI_dB,PIR_dB
200.000,0.0057,-0.0039,-0.0545,-0.0302,0.0359,-0.0122
201.854,0.0059,-0.0037,-0.0549,-0.0303,0.0362,-0.0122
203.726,0.0061,-0.0036,-0.0552,-0.0304,0.0366,-0.0121
205.615,0.0064,-0.0035,-0.0556,-0.0306,0.0369,-0.0121
207.521,0.0066,-0.0033,-0.0560,-0.0307,0.0373,-0.0120
209.445,0.0068,-0.0032,-0.0563,-0.0308,0.0377,-0.0120
211.387,0.0071,-0.0030,-0.0567,-0.0309,0.0380,-0.0119
213.347,0.0074,-0.0029,-0.0571,-0.0311,0.0384,-0.0118
215.325,0.0076,-0.0027,-0.0575,-0.0312,0.0388,-0.0117
217.321,0.0079,-0.0025,-0.0579,-0.0313,0.0392,-0.0116
219.336,0.0082,-0.0023,-0.0583,-0.0314,0.0397,-0.0116
221.370,0.0085,-0.0021,-0.0587,-0.0315,0.0401,-0.0115
223.422,0.0089,-0.0019,-0.0591,-0.0317,0.0405,-0.0114
225.494,0.0092,-0.0017,-0.0595,-0.0318,0.0410,-0.0112
227.584,0.0095,-0.0015,-0.0600,-0.0319,0.0414,-0.0111
229.694,0.0099,-0.0013,-0.0604,-0.0320,0.0419,-0.0110
231.824,0.0103,-0.0010,-0.0608,-0.0321,0.0423,-0.0109
233.973,0.0106,-0.0008,-0.0612,-0.0322,0.0428,-0.0107
236.143,0.0110,-0.0005,-0.0617,-0.0323,0.0433,-0.0106
238.332,0.0115,-0.0002,-0.0621,-0.0324,0.0438,-0.0104
240.542,0.0119,0.0001,-0.0626,-0.0325,0.0444,-0.0102
242.772,0.0123,0.0004,-0.0630,-0.0326,0.0449,-0.0101
245.023,0.0128,0.0007,-0.0635,-0.0327,0.0454,-0.0099
247.294,0.0133,0.0010,-0.0639,-0.0327,0.0460,-0.0097
249.587,0.0138,0.0014,-0.0644,-0.0328,0.0466,-0.0095
251.901,0.0143,0.0017,-0.0649,-0.0329,0.0472,-0.0092
254.237,0.0148,0.0021,-0.0653,-0.0329,0.0478,-0.0090
256.594,0.0154,0.0025,-0.0658,-0.0330,0.0484,-0.0087
258.973,0.0160,0.0029,-0.0663,-0.0330,0.0490,-0.0085
261.374,0.0166,0.0033,-0.0668,-0.0331,0.0496,-0.0082
263.797,0.0172,0.0038,-0.0672,-0.0331,0.0503,-0.0079
266.243,0.0178,0.0042,-0.0677,-0.0332,0.0510,-0.0076
268.712,0.0185,0.0047,-0.0682,-0.0332,0.0517,-0.0073
271.203,0.0192,0.0052,-0.0687,-0.0332,0.0524,-0.0069
273.717,0.0199,0.0058,-0.0692,-0.0332,0.0531,-0.0066
276.255,0.0206,0.0063,-0.0697,-0.0332,0.0538,-0.0062
278.817,0.0214,0.0069,-0.0702,-0.0331,0.0546,-0.0058
281.402,0.0222,0.0075,-0.0707,-0.0331,0.0553,-0.0054
284.011,0.0231,0.0081,-0.0712,-0.0331,0.0561,-0.0049
286.644,0.0239,0.0088,-0.0716,-0.0330,0.0569,-0.0045
289.301,0.0248,0.0094,-0.0721,-0.0329,0.0577,-0.0040
291.984,0.0257,0.0101,-0.0726,-0.0328,0.0586,-0.0035
294.691,0.0267,0.0109,-0.0731,-0.0327,0.0594,-0.0029
297.423,0.0277,0.0116,-0.0736,-0.0326,0.0603,-0.0023
300.181,0.0287,0.0124,-0.0740,-0.0325,0.0612,-0.0018
302.964,0.0298,0.0133,-0.0745,-0.0323,0.0621,-0.0011
305.773,0.0309,0.0141,-0.0750,-0.0321,0.0631,-0.0005
308.608,0.0321,0.0150,-0.0754,-0.0319,0.0640,0.0002
311.469,0.0333,0.0160,-0.0759,-0.0317,0.0650,0.0009
314.357,0.0345,0.0170,-0.0763,-0.0315,0.0660,0.0017
317.271,0.0358,0.0180,-0.0767,-0.0312,0.0670,0.0024
320.213,0.0372,0.0190,-0.0771,-0.0309,0.0681,0.0033
323.182,0.0386,0.0201,-0.0775,-0.0306,0.0691,0.0041
326.178,0.0400,0.0213,-0.0779,-0.0302,0.0702,0.0050
329.202,0.0415,0.0225,-0.0783,-0.0298,0.0713,0.0060
332.255,0.0430,0.0237,-0.0786,-0.0294,0.0724,0.0070
335.335,0.0446,0.0250,-0.0790,-0.0289,0.0736,0.0080
338.444,0.0463,0.0264,-0.0793,-0.0285,0.0748,0.0091
341.582,0.0480,0.0278,-0.0796,-0.0279,0.0760,0.0102
344.749,0.0498,0.0293,-0.0798,-0.0274,0.0772,0.0114
347.945,0.0517,0.0308,-0.0801,-0.0267,0.0784,0.0126
351.171,0.0536,0.0324,-0.0803,-0.0261,0.0797,0.0139
354.427,0.0556,0.0340,-0.0805,-0.0254,0.0810,0.0153
357.713,0.0577,0.0357,-0.0807,-0.0247,0.0823,0.0167
361.030,0.0598,0.0375,-0.0808,-0.0239,0.0837,0.0182
364.377,0.0620,0.0394,-0.0809,-0.0230,0.0851,0.0197
367.755,0.0644,0.0413,-0.0809,-0.0221,0.0865,0.0213
371.165,0.0667,0.0433,-0.0810,-0.0212,0.0879,0.0230
374.606,0.0692,0.0454,-0.0809,-0.0201,0.0894,0.0248
378.079,0.0718,0.0476,-0.0809,-0.0191,0.0909,0.0266
381.585,0.0745,0.0499,-0.0808,-0.0179,0.0924,0.0285
385.123,0.0772,0.0522,-0.0806,-0.0167,0.0939,0.0305
388.693,0.0801,0.0547,-0.0804,-0.0154,0.0955,0.0326
392.297,0.0831,0.0572,-0.0802,-0.0140,0.0971,0.0348
395.934,0.0861,0.0598,-0.0799,-0.0126,0.0987,0.0370
399.605,0.0893,0.0626,-0.0795,-0.0111,0.1004,0.0394
403.310,0.0926,0.0654,-0.0790,-0.0095,0.1021,0.0419
407.050,0.0961,0.0684,-0.0785,-0.0078,0.1038,0.0444
410.823,0.0996,0.0715,-0.0780,-0.0060,0.1056,0.0471
414.632,0.1033,0.0747,-0.0773,-0.0041,0.1074,0.0499
418.477,0.1071,0.0780,-0.0766,-0.0022,0.1092,0.0528
422.357,0.1110,0.0815,-0.0758,-0.0001,0.1111,0.0558
426.272,0.1151,0.0850,-0.0749,0.0021,0.1130,0.0590
430.225,0.1194,0.0888,-0.0739,0.0044,0.1149,0.0623
434.214,0.1238,0.0926,-0.0729,0.0069,0.1169,0.0657
438.239,0.1283,0.0966,-0.0717,0.0094,0.1189,0.0693
442.302,0.1330,0.1008,-0.0704,0.0121,0.1210,0.0730
446.403,0.1379,0.1051,-0.0691,0.0149,0.1230,0.0768
450.542,0.1430,0.1096,-0.0676,0.0178,0.1252,0.0809
454.719,0.1482,0.1143,-0.0660,0.0209,0.1273,0.0850
458.935,0.1536,0.1192,-0.0643,0.0241,0.1295,0.0894
463.190,0.1593,0.1242,-0.0624,0.0275,0.1317,0.0939
467.485,0.1651,0.1294,-0.0604,0.0311,0.1340,0.0986
471.819,0.1711,0.1348,-0.0583,0.0348,0.1363,0.1035
476.194,0.1773,0.1404,-0.0560,0.0387,0.1387,0.1086
480.609,0.1838,0.1462,-0.0536,0.0428,0.1410,0.1139
485.065,0.1905,0.1523,-0.0510,0.0470,0.1435,0.1193
489.562,0.1974,0.1585,-0.0483,0.0515,0.1459,0.1250
494.101,0.2046,0.1650,-0.0454,0.0561,0.1485,0.1310
498.682,0.2120,0.1718,-0.0423,0.0610,0.1510,0.1371
503.305,0.2196,0.1787,-0.0390,0.0660,0.1536,0.1435
507.972,0.2276,0.1860,-0.0356,0.0713,0.1563,0.1502
512.681,0.2358,0.1935,-0.0319,0.0769,0.1589,0.1571
517.435,0.2443,0.2012,-0.0280,0.0826,0.1617,0.1642
522.232,0.2531,0.2093,-0.0239,0.0886,0.1644,0.1716
527.074,0.2622,0.2176,-0.0196,0.0949,0.1673,0.1793
531.961,0.2716,0.2263,-0.0150,0.1014,0.1701,0.1873
536.893,0.2813,0.2352,-0.0103,0.1083,0.1730,0.1956
541.871,0.2913,0.2445,-0.0052,0.1154,0.1760,0.2042
546.895,0.3017,0.2540,0.0001,0.1227,0.1790,0.2131
551.965,0.3125,0.2640,0.0057,0.1304,0.1820,0.2224
557.083,0.3235,0.2742,0.0115,0.1384,0.1851,0.2320
562.248,0.3350,0.2849,0.0177,0.1468,0.1883,0.2419
567.461,0.3469,0.2959,0.0241,0.1554,0.1914,0.2522
572.722,0.3591,0.3072,0.0308,0.1644,0.1947,0.2628
578.032,0.3717,0.3190,0.0379,0.1738,0.1980,0.2739
583.391,0.3848,0.3312,0.0453,0.1835,0.2013,0.2853
588.800,0.3983,0.3437,0.0530,0.1936,0.2047,0.2971
594.259,0.4122,0.3567,0.0611,0.2041,0.2081,0.3094
599.769,0.4266,0.3702,0.0696,0.2150,0.2116,0.3220
605.330,0.4414,0.3841,0.0784,0.2263,0.2151,0.3351
610.942,0.4567,0.3984,0.0876,0.2380,0.2187,0.3487
616.606,0.4725,0.4132,0.0973,0.2501,0.2223,0.3627
622.323,0.4887,0.4285,0.1073,0.2627,0.2260,0.3772
628.093,0.5055,0.4443,0.1177,0.2758,0.2297,0.3922
633.916,0.5228,0.4606,0.1286,0.2893,0.2335,0.4076
639.794,0.5407,0.4774,0.1400,0.3033,0.2373,0.4236
645.726,0.5590,0.4948,0.1517,0.3178,0.2412,0.4401
651.712,0.5780,0.5127,0.1640,0.3328,0.2451,0.4571
657.755,0.5975,0.5311,0.1767,0.3484,0.2491,0.4747
663.853,0.6176,0.5501,0.1900,0.3644,0.2531,0.4928
670.008,0.6383,0.5697,0.2037,0.3810,0.2572,0.5116
676.220,0.6595,0.5899,0.2180,0.3982,0.2613,0.5308
682.490,0.6815,0.6107,0.2328,0.4159,0.2655,0.5507
688.817,0.7040,0.6321,0.2481,0.4342,0.2697,0.5712
695.204,0.7272,0.6541,0.2640,0.4532,0.2740,0.5923
701.649,0.7510,0.6768,0.2805,0.4727,0.2783,0.6141
708.155,0.7755,0.7001,0.2975,0.4928,0.2827,0.6364
714.720,0.8007,0.7241,0.3152,0.5135,0.2871,0.6595
721.347,0.8265,0.7488,0.3334,0.5349,0.2916,0.6832
728.035,0.8531,0.7741,0.3522,0.5570,0.2961,0.7075
734.785,0.8803,0.8001,0.3717,0.5796,0.3007,0.7326
741.598,0.9083,0.8269,0.3918,0.6030,0.3053,0.7583
748.473,0.9370,0.8543,0.4126,0.6270,0.3099,0.7848
755.413,0.9664,0.8825,0.4340,0.6518,0.3146,0.8119
762.417,0.9965,0.9114,0.4560,0.6772,0.3194,0.8398
769.485,1.0275,0.9410,0.4787,0.7033,0.3242,0.8684
776.620,1.0591,0.9713,0.5021,0.7301,0.3290,0.8977
783.820,1.0915,1.0024,0.5262,0.7576,0.3339,0.9278
791.087,1.1247,1.0343,0.5509,0.7859,0.3388,0.9586
798.422,1.1586,1.0669,0.5764,0.8149,0.3438,0.9902
805.824,1.1934,1.1003,0.6025,0.8446,0.3488,1.0225
813.296,1.2288,1.1344,0.6293,0.8750,0.3538,1.0555
820.836,1.2651,1.1693,0.6569,0.9061,0.3589,1.0893
828.446,1.3021,1.2049,0.6851,0.9380,0.3641,1.1239
836.127,1.3399,1.2414,0.7140,0.9707,0.3693,1.1592
843.880,1.3785,1.2785,0.7436,1.0040,0.3745,1.1953
851.704,1.4179,1.3165,0.7740,1.0381,0.3798,1.2321
859.600,1.4580,1.3551,0.8050,1.0729,0.3851,1.2697
867.570,1.4988,1.3946,0.8367,1.1084,0.3904,1.3080
875.614,1.5405,1.4347,0.8691,1.1447,0.3958,1.3471
883.732,1.5828,1.4756,0.9021,1.1816,0.4012,1.3868
891.926,1.6259,1.5173,0.9358,1.2192,0.4067,1.4273
900.195,1.6698,1.5596,0.9702,1.2575,0.4122,1.4685
908.541,1.7143,1.6026,1.0052,1.2965,0.4178,1.5104
916.965,1.7596,1.6464,1.0409,1.3362,0.4234,1.5530
925.466,1.8055,1.6908,1.0771,1.3765,0.4290,1.5963
934.047,1.8521,1.7359,1.1140,1.4174,0.4347,1.6402
942.707,1.8994,1.7816,1.1514,1.4590,0.4404,1.6847
951.447,1.9473,1.8279,1.1894,1.5011,0.4462,1.7299
960.269,1.9958,1.8749,1.2279,1.5438,0.4520,1.7757
969.172,2.0449,1.9224,1.2670,1.5871,0.4578,1.8220
978.157,2.0946,1.9705,1.3065,1.6309,0.4637,1.8689
987.226,2.1448,2.0191,1.3466,1.6752,0.4697,1.9163
996.380,2.1956,2.0682,1.3870,1.7200,0.4756,1.9643
1005.617,2.2469,2.1179,1.4279,1.7652,0.4817,2.0127
1014.941,2.2986,2.1679,1.4692,1.8108,0.4878,2.0616
1024.351,2.3508,2.2185,1.5108,1.8569,0.4939,2.1109
1033.848,2.4034,2.2694,1.5527,1.9033,0.5001,2.1605
1043.434,2.4564,2.3206,1.5950,1.9501,0.5063,2.2106
1053.108,2.5097,2.3723,1.6374,1.9971,0.5126,2.2610
1062.872,2.5634,2.4242,1.6802,2.0444,0.5190,2.3116
1072.726,2.6173,2.4764,1.7230,2.0919,0.5254,2.3626
1082.672,2.6715,2.5288,1.7661,2.1397,0.5319,2.4137
1092.710,2.7260,2.5814,1.8092,2.1876,0.5384,2.4651
1102.841,2.7806,2.6342,1.8524,2.2356,0.5450,2.5166
1113.066,2.8353,2.6872,1.8957,2.2837,0.5517,2.5683
1123.386,2.8902,2.7402,1.9389,2.3318,0.5584,2.6200
1133.801,2.9452,2.7933,1.9821,2.3800,0.5652,2.6718
1144.314,3.0002,2.8464,2.0252,2.4281,0.5721,2.7235
1154.923,3.0552,2.8995,2.0682,2.4761,0.5791,2.7753
1165.631,3.1102,2.9525,2.1109,2.5240,0.5862,2.8270
1176.438,3.1651,3.0054,2.1535,2.5718,0.5933,2.8786
1187.345,3.2199,3.0583,2.1958,2.6194,0.6005,2.9300
1198.354,3.2746,3.1109,2.2378,2.6667,0.6079,2.9813
1209.464,3.3291,3.1633,2.2795,2.7138,0.6153,3.0323
1220.678,3.3834,3.2155,2.3207,2.7606,0.6228,3.0831
1231.996,3.4374,3.2675,2.3616,2.8070,0.6304,3.1336
1243.418,3.4912,3.3191,2.4019,2.8530,0.6382,3.1838
1254.946,3.5447,3.3705,nan,nan,nan,nan
1266.582,3.5978,3.4223,nan,nan,nan,nan
1278.325,3.6505,3.4747,nan,nan,nan,nan
1290.177,3.7029,3.5277,nan,nan,nan,nan
1302.139,3.7548,3.5813,nan,nan,nan,nan
1314.212,3.8062,3.6355,nan,nan,nan,nan
1326.396,3.8572,3.6901,nan,nan,nan,nan
1338.694,3.9076,3.7453,nan,nan,nan,nan
1351.106,3.9575,3.8009,nan,nan,nan,nan
1363.632,4.0068,3.8569,nan,nan,nan,nan
1376.275,4.0556,3.9133,nan,nan,nan,nan
1389.036,4.1037,3.9701,nan,nan,nan,nan
1401.914,4.1512,4.0271,nan,nan,nan,nan
1414.912,4.1981,4.0843,nan,nan,nan,nan
1428.030,4.2442,4.1418,nan,nan,nan,nan
1441.270,4.2897,4.1993,nan,nan,nan,nan
1454.633,4.3345,4.2569,nan,nan,nan,nan
1468.120,4.3786,4.3146,nan,nan,nan,nan
1481.731,4.4220,4.3722,nan,nan,nan,nan
1495.469,4.4647,4.4299,nan,nan,nan,nan
1509.335,4.5066,4.4874,nan,nan,nan,nan
1523.328,4.5477,4.5449,nan,nan,nan,nan
1537.452,4.5881,4.6022,nan,nan,nan,nan
1551.706,4.6277,4.6595,nan,nan,nan,nan
1566.093,4.6666,4.7167,nan,nan,nan,nan
1580.613,4.7047,4.7738,nan,nan,nan,nan
1595.268,4.7420,4.8309,nan,nan,nan,nan
1610.058,4.7785,4.8880,nan,nan,nan,nan
1624.986,4.8143,4.9450,nan,nan,nan,nan
1640.052,4.8493,5.0022,nan,nan,nan,nan
1655.258,4.8835,5.0594,nan,nan,nan,nan
1670.605,4.9170,5.1168,nan,nan,nan,nan
1686.094,4.9497,5.1743,nan,nan,nan,nan
1701.726,4.9816,5.2321,nan,nan,nan,nan
1717.504,5.0128,5.2899,nan,nan,nan,nan
1733.428,5.0432,5.3479,nan,nan,nan,nan
1749.499,5.0729,5.4060,nan,nan,nan,nan
1765.720,5.1019,5.4640,nan,nan,nan,nan
1782.091,5.1301,5.5218,nan,nan,nan,nan
1798.613,5.1576,5.5792,nan,nan,nan,nan
1815.289,5.1844,5.6359,nan,nan,nan,nan
1832.120,5.2105,5.6917,nan,nan,nan,nan
1849.106,5.2359,5.7462,nan,nan,nan,nan
1866.250,5.2607,5.7990,nan,nan,nan,nan
1883.553,5.2848,5.8495,nan,nan,nan,nan
1901.017,5.3082,5.8972,nan,nan,nan,nan
1918.642,5.3309,5.9416,nan,nan,nan,nan
1936.431,5.3531,5.9819,nan,nan,nan,nan
1954.384,5.3746,6.0176,nan,nan,nan,nan
1972.504,5.3955,6.0479,nan,nan,nan,nan
1990.792,5.4158,6.0720,nan,nan,nan,nan
2009.250,5.4355,6.0901,nan,nan,nan,nan
2027.879,5.4547,6.1067,nan,nan,nan,nan
2046.680,5.4733,6.1226,nan,nan,nan,nan
2065.656,5.4913,6.1378,nan,nan,nan,nan
2084.808,5.5088,6.1522,nan,nan,nan,nan
2104.137,5.5258,6.1660,nan,nan,nan,nan
2123.646,5.5422,6.1790,nan,nan,nan,nan
2143.335,5.5582,6.1914,nan,nan,nan,nan
2163.207,5.5737,6.2032,nan,nan,nan,nan
2183.263,5.5887,6.2143,nan,nan,nan,nan
2203.506,5.6032,6.2247,nan,nan,nan,nan
2223.935,5.6173,6.2346,nan,nan,nan,nan
2244.555,5.6309,6.2438,nan,nan,nan,nan
2265.365,5.6441,6.2525,nan,nan,nan,nan
2286.369,5.6569,6.2605,nan,nan,nan,nan
2307.567,5.6693,6.2680,nan,nan,nan,nan
2328.961,5.6813,6.2749,nan,nan,nan,nan
2350.554,5.6929,6.2812,nan,nan,nan,nan
2372.347,5.7041,6.2870,nan,nan,nan,nan
2394.343,5.7150,6.2923,nan,nan,nan,nan
2416.542,5.7255,6.2971,nan,nan,nan,nan
2438.947,5.7357,6.3013,nan,nan,nan,nan
2461.560,5.7455,6.3050,nan,nan,nan,nan
2484.382,5.7550,6.3082,nan,nan,nan,nan
2507.416,5.7642,6.3110,nan,nan,nan,nan
2530.664,5.7731,6.3132,nan,nan,nan,nan
2554.127,5.7817,6.3150,nan,nan,nan,nan
2577.807,5.7900,6.3163,nan,nan,nan,nan
2601.707,5.7981,6.3172,nan,nan,nan,nan
2625.829,5.8058,6.3176,nan,nan,nan,nan
2650.175,5.8133,6.3176,nan,nan,nan,nan
2674.746,5.8206,6.3171,nan,nan,nan,nan
2699.545,5.8276,6.3162,nan,nan,nan,nan
2724.574,5.8344,6.3149,nan,nan,nan,nan
2749.834,5.8409,6.3132,nan,nan,nan,nan
2775.330,5.8472,6.3111,nan,nan,nan,nan
2801.061,5.8533,6.3085,nan,nan,nan,nan
2827.031,5.8592,6.3056,nan,nan,nan,nan
2853.242,5.8649,6.3022,nan,nan,nan,nan
2879.696,5.8704,6.2985,nan,nan,nan,nan
2906.395,5.8757,6.2944,nan,nan,nan,nan
2933.342,5.8808,6.2899,nan,nan,nan,nan
2960.538,5.8858,6.2850,nan,nan,nan,nan
2987.987,5.8906,6.2798,nan,nan,nan,nan
3015.690,5.8952,6.2742,nan,nan,nan,nan
3043.650,5.8996,6.2682,nan,nan,nan,nan
3071.869,5.9039,6.2619,nan,nan,nan,nan
3100.350,5.9081,6.2552,nan,nan,nan,nan
3129.095,5.9121,6.2481,nan,nan,nan,nan
3158.107,5.9159,6.2407,nan,nan,nan,nan
3187.387,5.9197,6.2330,nan,nan,nan,nan
3216.939,5.9233,6.2249,nan,nan,nan,nan
3246.765,5.9267,6.2164,nan,nan,nan,nan
3276.867,5.9301,6.2077,nan,nan,nan,nan
3307.249,5.9333,6.1985,nan,nan,nan,nan
3337.912,5.9364,6.1891,nan,nan,nan,nan
3368.860,5.9394,6.1793,nan,nan,nan,nan
3400.094,5.9423,6.1691,nan,nan,nan,nan
3431.618,5.9451,6.1586,nan,nan,nan,nan
3463.434,5.9478,6.1478,nan,nan,nan,nan
3495.546,5.9504,6.1367,nan,nan,nan,nan
3527.955,5.9530,6.1252,nan,nan,nan,nan
3560.664,5.9554,6.1134,nan,nan,nan,nan
3593.677,5.9577,6.1013,nan,nan,nan,nan
3626.996,5.9600,6.0888,nan,nan,nan,nan
3660.623,5.9621,6.0760,nan,nan,nan,nan
3694.563,5.9642,6.0629,nan,nan,nan,nan
3728.817,5.9663,6.0495,nan,nan,nan,nan
3763.389,5.9682,6.0357,nan,nan,nan,nan
3798.281,5.9701,6.0216,nan,nan,nan,nan
3833.497,5.9719,6.0071,nan,nan,nan,nan
3869.039,5.9737,5.9924,nan,nan,nan,nan
3904.911,5.9754,5.9773,nan,nan,nan,nan
3941.116,5.9770,5.9619,nan,nan,nan,nan
3977.656,5.9786,5.9461,nan,nan,nan,nan
4014.535,5.9801,5.9300,nan,nan,nan,nan
4051.755,5.9815,5.9136,nan,nan,nan,nan
4089.321,5.9829,5.8969,nan,nan,nan,nan
4127.236,5.9843,5.8798,nan,nan,nan,nan
4165.501,5.9856,5.8624,nan,nan,nan,nan
4204.122,5.9869,5.8447,nan,nan,nan,nan
4243.100,5.9881,5.8266,nan,nan,nan,nan
4282.440,5.9892,5.8082,nan,nan,nan,nan
4322.145,5.9904,5.7895,nan,nan,nan,nan
4362.218,5.9915,5.7705,nan,nan,nan,nan
4402.662,5.9925,5.7511,nan,nan,nan,nan
4443.482,5.9935,5.7313,nan,nan,nan,nan
4484.679,5.9945,5.7113,nan,nan,nan,nan
4526.259,5.9954,5.6909,nan,nan,nan,nan
4568.224,5.9964,5.6702,nan,nan,nan,nan
4610.579,5.9972,5.6491,nan,nan,nan,nan
4653.326,5.9981,5.6277,nan,nan,nan,nan
4696.469,5.9989,5.6059,nan,nan,nan,nan
4740.013,5.9997,5.5839,nan,nan,nan,nan
4783.960,6.0004,5.5615,nan,nan,nan,nan
4828.314,6.0012,5.5387,nan,nan,nan,nan
4873.080,6.0019,5.5156,nan,nan,nan,nan
4918.261,6.0025,5.4922,nan,nan,nan,nan
4963.861,6.0032,5.4685,nan,nan,nan,nan
5009.883,6.0038,5.4444,nan,nan,nan,nan
5056.332,6.0044,5.4200,nan,nan,nan,nan
5103.212,6.0050,5.3952,nan,nan,nan,nan
5150.527,6.0056,5.3701,nan,nan,nan,nan
5198.280,6.0061,5.3447,nan,nan,nan,nan
5246.476,6.0066,5.3190,nan,nan,nan,nan
5295.119,6.0071,5.2929,nan,nan,nan,nan
5344.212,6.0076,5.2665,nan,nan,nan,nan
5393.761,6.0081,5.2398,nan,nan,nan,nan
5443.770,6.0086,5.2128,nan,nan,nan,nan
5494.242,6.0090,5.1854,nan,nan,nan,nan
5545.182,6.0094,5.1577,nan,nan,nan,nan
5596.594,6.0098,5.1297,nan,nan,nan,nan
5648.483,6.0102,5.1014,nan,nan,nan,nan
5700.853,6.0106,5.0728,nan,nan,nan,nan
5753.708,6.0109,5.0439,nan,nan,nan,nan
5807.054,6.0113,5.0147,nan,nan,nan,nan
5860.894,6.0116,4.9852,nan,nan,nan,nan
5915.233,6.0120,4.9554,nan,nan,nan,nan
5970.076,6.0123,4.9253,nan,nan,nan,nan
6025.428,6.0126,4.8949,nan,nan,nan,nan
6081.293,6.0129,4.8643,nan,nan,nan,nan
6137.676,6.0131,4.8333,nan,nan,nan,nan
6194.581,6.0134,4.8022,nan,nan,nan,nan
6252.014,6.0137,4.7707,nan,nan,nan,nan
6309.980,6.0139,4.7390,nan,nan,nan,nan
6368.483,6.0142,4.7071,nan,nan,nan,nan
6427.529,6.0144,4.6750,nan,nan,nan,nan
6487.122,6.0146,4.6426,nan,nan,nan,nan
6547.267,6.0148,4.6100,nan,nan,nan,nan
6607.970,6.0150,4.5771,nan,nan,nan,nan
6669.236,6.0152,4.5441,nan,nan,nan,nan
6731.070,6.0154,4.5109,nan,nan,nan,nan
6793.477,6.0156,4.4776,nan,nan,nan,nan
6856.463,6.0158,4.4440,nan,nan,nan,nan
6920.033,6.0160,4.4103,nan,nan,nan,nan
6984.192,6.0161,4.3765,nan,nan,nan,nan
7048.946,6.0163,4.3425,nan,nan,nan,nan
7114.300,6.0165,4.3084,nan,nan,nan,nan
7180.261,6.0166,4.2742,nan,nan,nan,nan
7246.833,6.0168,4.2596,nan,nan,nan,nan
7314.022,6.0169,4.2512,nan,nan,nan,nan
7381.834,6.0170,4.2422,nan,nan,nan,nan
7450.275,6.0172,4.2328,nan,nan,nan,nan
7519.350,6.0173,4.2229,nan,nan,nan,nan
7589.066,6.0174,4.2125,nan,nan,nan,nan
7659.428,6.0175,4.2016,nan,nan,nan,nan
7730.442,6.0176,4.1901,nan,nan,nan,nan
7802.115,6.0177,4.1782,nan,nan,nan,nan
7874.453,6.0178,4.1657,nan,nan,nan,nan
7947.461,6.0179,4.1527,nan,nan,nan,nan
8021.146,6.0180,4.1391,nan,nan,nan,nan
8095.514,6.0181,4.1250,nan,nan,nan,nan
8170.572,6.0182,4.1102,nan,nan,nan,nan
8246.325,6.0183,4.0949,nan,nan,nan,nan
8322.781,6.0184,4.0791,nan,nan,nan,nan
8399.946,6.0185,4.0626,nan,nan,nan,nan
8477.826,6.0185,4.0455,nan,nan,nan,nan
8556.428,6.0186,4.0278,nan,nan,nan,nan
8635.759,6.0187,4.0095,nan,nan,nan,nan
8715.826,6.0188,3.9906,nan,nan,nan,nan
8796.635,6.0188,3.9710,nan,nan,nan,nan
8878.193,6.0189,3.9508,nan,nan,nan,nan
8960.507,6.0190,3.9299,nan,nan,nan,nan
9043.585,6.0190,3.9085,nan,nan,nan,nan
9127.433,6.0191,3.8863,nan,nan,nan,nan
9212.058,6.0191,3.8636,nan,nan,nan,nan
9297.467,6.0192,3.8402,nan,nan,nan,nan
9383.669,6.0192,3.8161,nan,nan,nan,nan
9470.670,6.0193,3.7914,nan,nan,nan,nan
9558.477,6.0193,3.7660,nan,nan,nan,nan
9647.099,6.0194,3.7400,nan,nan,nan,nan
9736.542,6.0194,3.7134,nan,nan,nan,nan
9826.815,6.0195,3.6862,nan,nan,nan,nan
9917.924,6.0195,3.6583,nan,nan,nan,nan
10009.878,6.0195,3.6298,nan,nan,nan,nan
10102.685,6.0196,3.6007,nan,nan,nan,nan
10196.352,6.0196,3.5710,nan,nan,nan,nan
10290.888,6.0197,3.5407,nan,nan,nan,nan
10386.300,6.0197,3.5099,nan,nan,nan,nan
10482.597,6.0197,3.4785,nan,nan,nan,nan
10579.786,6.0198,3.4640,nan,nan,nan,nan
10677.877,6.0198,3.4600,nan,nan,nan,nan
10776.877,6.0198,3.4550,nan,nan,nan,nan
10876.795,6.0198,3.4491,nan,nan,nan,nan
10977.639,6.0199,3.4423,nan,nan,nan,nan
11079.419,6.0199,3.4345,nan,nan,nan,nan
11182.142,6.0199,3.4258,nan,nan,nan,nan
11285.817,6.0199,3.4162,nan,nan,nan,nan
11390.454,6.0200,3.4056,nan,nan,nan,nan
11496.060,6.0200,3.3942,nan,nan,nan,nan
11602.646,6.0200,3.3818,nan,nan,nan,nan
11710.220,6.0200,3.3686,nan,nan,nan,nan
11818.792,6.0201,3.3545,nan,nan,nan,nan
11928.370,6.0201,3.3395,nan,nan,nan,nan
12038.964,6.0201,3.3237,nan,nan,nan,nan
12150.583,6.0201,3.3070,nan,nan,nan,nan
12263.238,6.0201,3.2896,nan,nan,nan,nan
12376.936,6.0201,3.2714,nan,nan,nan,nan
12491.689,6.0202,3.2524,nan,nan,nan,nan
12607.506,6.0202,3.2327,nan,nan,nan,nan
12724.397,6.0202,3.2123,nan,nan,nan,nan
12842.371,6.0202,3.1912,nan,nan,nan,nan
12961.440,6.0202,3.1694,nan,nan,nan,nan
13081.612,6.0202,3.1471,nan,nan,nan,nan
13202.898,6.0203,3.1290,nan,nan,nan,nan
13325.309,6.0203,3.1276,nan,nan,nan,nan
13448.855,6.0203,3.1252,nan,nan,nan,nan
13573.546,6.0203,3.1218,nan,nan,nan,nan
13699.393,6.0203,3.1174,nan,nan,nan,nan
13826.408,6.0203,3.1119,nan,nan,nan,nan
13954.599,6.0203,3.1052,nan,nan,nan,nan
14083.980,6.0203,3.0973,nan,nan,nan,nan
14214.559,6.0203,3.0882,nan,nan,nan,nan
14346.350,6.0203,3.0779,nan,nan,nan,nan
14479.362,6.0204,3.0662,nan,nan,nan,nan
14613.608,6.0204,3.0533,nan,nan,nan,nan
14749.098,6.0204,3.0389,nan,nan,nan,nan
14885.845,6.0204,3.0232,nan,nan,nan,nan
15023.859,6.0204,3.0061,nan,nan,nan,nan
15163.153,6.0204,2.9876,nan,nan,nan,nan
15303.738,6.0204,2.9676,nan,nan,nan,nan
15445.627,6.0204,2.9462,nan,nan,nan,nan
15588.832,6.0204,2.9234,nan,nan,nan,nan
15733.364,6.0204,2.8991,nan,nan,nan,nan
15879.236,6.0204,2.8733,nan,nan,nan,nan
16026.460,6.0204,2.8461,nan,nan,nan,nan
16175.050,6.0204,2.8176,nan,nan,nan,nan
16325.017,6.0205,2.7876,nan,nan,nan,nan
16476.375,6.0205,2.7563,nan,nan,nan,nan
16629.136,6.0205,2.7237,nan,nan,nan,nan
16783.313,6.0205,2.6898,nan,nan,nan,nan
16938.920,6.0205,2.6547,nan,nan,nan,nan
17095.969,6.0205,2.6184,nan,nan,nan,nan
17254.475,6.0205,2.5811,nan,nan,nan,nan
17414.450,6.0205,2.5427,nan,nan,nan,nan
17575.908,6.0205,2.5035,nan,nan,nan,nan
17738.863,6.0205,2.4634,nan,nan,nan,nan
17903.329,6.0205,2.4226,nan,nan,nan,nan
18069.320,6.0205,2.3812,nan,nan,nan,nan
18236.850,6.0205,2.3393,nan,nan,nan,nan
18405.934,6.0205,2.2970,nan,nan,nan,nan
18576.585,6.0205,2.2545,nan,nan,nan,nan
18748.818,6.0205,2.2119,nan,nan,nan,nan
18922.648,6.0205,2.1693,nan,nan,nan,nan
19098.089,6.0205,2.1270,nan,nan,nan,nan
19275.157,6.0205,2.1063,nan,nan,nan,nan
19453.867,6.0205,2.1101,nan,nan,nan,nan
19634.234,6.0205,2.1134,nan,nan,nan,nan
19816.273,6.0205,2.1162,nan,nan,nan,nan
20000.000,6.0205,2.1183,nan,nan,nan,nan
