freq_Hz,woofer_dB,mid_dB,tweeter_dB,sum_dB
20.00,-19.5790,-101.1624,-198.2898,-19.5782
20.07,-19.4933,-101.0404,-198.1681,-19.4925
20.14,-19.4078,-100.9184,-198.0463,-19.4071
20.21,-19.3225,-100.7964,-197.9246,-19.3218
20.28,-19.2375,-100.6744,-197.8029,-19.2368
20.35,-19.1527,-100.5524,-197.6812,-19.1519
20.42,-19.0681,-100.4304,-197.5595,-19.0674
20.50,-18.9837,-100.3084,-197.4378,-18.9830
20.57,-18.8996,-100.1864,-197.3161,-18.8988
20.64,-18.8157,-100.0644,-197.1943,-18.8149
20.71,-18.7320,-99.9424,-197.0726,-18.7312
20.79,-18.6485,-99.8204,-196.9509,-18.6477
20.86,-18.5653,-99.6984,-196.8292,-18.5645
20.93,-18.4822,-99.5764,-196.7075,-18.4815
21.01,-18.3994,-99.4544,-196.5858,-18.3986
21.08,-18.3168,-99.3323,-196.4640,-18.3161
21.15,-18.2345,-99.2103,-196.3423,-18.2337
21.23,-18.1523,-99.0439,-196.2206,-18.1515
21.30,-18.0704,-98.8332,-196.0989,-18.0696
21.38,-17.9887,-98.6222,-195.9772,-17.9879
21.45,-17.9072,-98.4108,-195.8555,-17.9064
21.53,-17.8259,-98.1992,-195.7338,-17.8251
21.60,-17.7449,-97.9872,-195.6120,-17.7441
21.68,-17.6641,-97.7749,-195.4903,-17.6632
21.75,-17.5835,-97.5623,-195.3686,-17.5826
21.83,-17.5031,-97.3494,-195.2469,-17.5022
21.91,-17.4229,-97.1362,-195.1252,-17.4220
21.98,-17.3430,-96.9226,-195.0035,-17.3421
22.06,-17.2632,-96.7087,-194.8817,-17.2623
22.14,-17.1837,-96.4945,-194.7600,-17.1828
22.22,-17.1044,-96.2799,-194.6383,-17.1035
22.29,-17.0254,-96.0651,-194.5166,-17.0244
22.37,-16.9465,-95.8499,-194.3949,-16.9455
22.45,-16.8679,-95.6345,-194.2732,-16.8669
22.53,-16.7895,-95.4295,-194.1514,-16.7884
22.61,-16.7113,-95.2242,-194.0297,-16.7102
22.69,-16.6333,-95.0186,-193.9080,-16.6322
22.77,-16.5555,-94.8127,-193.7863,-16.5544
22.85,-16.4780,-94.6066,-193.6646,-16.4769
22.93,-16.4006,-94.4001,-193.5429,-16.3995
23.01,-16.3235,-94.1933,-193.4212,-16.3224
23.09,-16.2466,-93.9863,-193.2994,-16.2455
23.17,-16.1699,-93.7789,-193.1777,-16.1688
23.25,-16.0934,-93.5712,-193.0560,-16.0923
23.33,-16.0172,-93.3632,-192.9343,-16.0160
23.42,-15.9411,-93.1549,-192.8126,-15.9400
23.50,-15.8653,-92.9464,-192.6909,-15.8641
23.58,-15.7897,-92.7375,-192.5691,-15.7885
23.66,-15.7143,-92.5283,-192.4474,-15.7131
23.75,-15.6391,-92.3188,-192.3257,-15.6379
23.83,-15.5642,-92.1328,-192.2040,-15.5629
23.91,-15.4894,-91.9636,-192.0823,-15.4881
24.00,-15.4149,-91.7942,-191.9606,-15.4136
24.08,-15.3406,-91.6247,-191.8388,-15.3393
24.17,-15.2665,-91.4550,-191.7171,-15.2651
24.25,-15.1926,-91.2851,-191.5954,-15.1912
24.34,-15.1189,-91.1150,-191.4737,-15.1175
24.42,-15.0455,-90.9448,-191.3520,-15.0441
24.51,-14.9722,-90.7744,-191.2303,-14.9708
24.59,-14.8992,-90.6038,-191.1085,-14.8978
24.68,-14.8264,-90.4331,-190.9868,-14.8249
24.77,-14.7538,-90.2621,-190.8651,-14.7523
24.85,-14.6814,-90.0910,-190.7434,-14.6799
24.94,-14.6092,-89.9198,-190.6217,-14.6077
25.03,-14.5373,-89.7483,-190.5000,-14.5357
25.11,-14.4655,-89.5767,-190.3783,-14.4640
25.20,-14.3940,-89.4073,-190.2565,-14.3924
25.29,-14.3227,-89.3146,-190.1348,-14.3211
25.38,-14.2516,-89.2221,-190.0131,-14.2500
25.47,-14.1807,-89.1296,-189.8914,-14.1792
25.56,-14.1100,-89.0372,-189.7697,-14.1085
25.65,-14.0396,-88.9450,-189.6480,-14.0380
25.74,-13.9694,-88.8528,-189.5262,-13.9678
25.83,-13.8993,-88.7608,-189.4045,-13.8978
25.92,-13.8295,-88.6688,-189.2828,-13.8280
26.01,-13.7600,-88.5770,-189.1611,-13.7584
26.10,-13.6906,-88.4852,-189.0394,-13.6890
26.19,-13.6214,-88.3936,-188.9177,-13.6199
26.28,-13.5525,-88.3020,-188.7959,-13.5509
26.38,-13.4838,-88.2106,-188.6742,-13.4822
26.47,-13.4153,-88.1193,-188.5525,-13.4137
26.56,-13.3470,-88.0281,-188.4308,-13.3454
26.66,-13.2790,-87.9369,-188.3091,-13.2774
26.75,-13.2111,-87.8544,-188.1874,-13.2095
26.84,-13.1435,-87.7798,-188.0656,-13.1419
26.94,-13.0761,-87.7053,-187.9439,-13.0745
27.03,-13.0089,-87.6309,-187.8222,-13.0073
27.13,-12.9420,-87.5567,-187.7005,-12.9404
27.22,-12.8752,-87.4827,-187.5788,-12.8736
27.32,-12.8087,-87.4089,-187.4571,-12.8071
27.41,-12.7424,-87.3352,-187.3353,-12.7408
27.51,-12.6763,-87.2617,-187.2136,-12.6747
27.61,-12.6105,-87.1884,-187.0919,-12.6089
27.70,-12.5449,-87.1152,-186.9702,-12.5433
27.80,-12.4795,-87.0422,-186.8485,-12.4779
27.90,-12.4143,-86.9693,-186.7268,-12.4127
28.00,-12.3494,-86.8967,-186.6051,-12.3477
28.09,-12.2846,-86.8242,-186.4833,-12.2830
28.19,-12.2201,-86.7519,-186.3616,-12.2185
28.29,-12.1559,-86.6658,-186.2399,-12.1542
28.39,-12.0918,-86.4731,-186.1182,-12.0902
28.49,-12.0280,-86.2801,-185.9965,-12.0263
28.59,-11.9644,-86.0868,-185.8748,-11.9627
28.69,-11.9011,-85.8933,-185.7530,-11.8993
28.79,-11.8380,-85.6996,-185.6313,-11.8362
28.89,-11.7751,-85.5055,-185.5096,-11.7733
28.99,-11.7124,-85.3113,-185.3879,-11.7106
29.10,-11.6500,-85.1167,-185.2662,-11.6481
29.20,-11.5878,-84.9220,-185.1445,-11.5859
29.30,-11.5258,-84.7269,-185.0227,-11.5239
29.40,-11.4641,-84.5316,-184.9010,-11.4622
29.51,-11.4026,-84.3360,-184.7793,-11.4007
29.61,-11.3414,-84.1402,-184.6576,-11.3394
29.71,-11.2804,-83.9441,-184.5359,-11.2784
29.82,-11.2196,-83.7478,-184.4142,-11.2176
29.92,-11.1591,-83.5512,-184.2924,-11.1570
30.03,-11.0988,-83.3434,-184.1707,-11.0967
30.13,-11.0387,-83.1264,-184.0490,-11.0366
30.24,-10.9789,-82.9090,-183.9273,-10.9767
30.34,-10.9194,-82.6913,-183.8056,-10.9171
30.45,-10.8601,-82.4732,-183.6839,-10.8578
30.56,-10.8010,-82.2548,-183.5621,-10.7987
30.67,-10.7422,-82.0361,-183.4404,-10.7398
30.77,-10.6836,-81.8170,-183.3187,-10.6812
30.88,-10.6253,-81.5976,-183.1970,-10.6228
30.99,-10.5672,-81.3778,-183.0753,-10.5647
31.10,-10.5094,-81.1577,-182.9536,-10.5068
31.21,-10.4518,-80.9373,-182.8318,-10.4492
31.32,-10.3945,-80.7164,-182.7101,-10.3918
31.43,-10.3374,-80.4953,-182.5884,-10.3347
31.54,-10.2806,-80.2738,-182.4667,-10.2779
31.65,-10.2241,-80.0519,-182.3450,-10.2213
31.76,-10.1678,-79.8306,-182.2233,-10.1649
31.87,-10.1117,-79.6198,-182.1015,-10.1088
31.98,-10.0559,-79.4086,-181.9798,-10.0530
32.09,-10.0004,-79.1971,-181.8581,-9.9974
32.21,-9.9452,-78.9853,-181.7364,-9.9421
32.32,-9.8902,-78.7732,-181.6147,-9.8870
32.43,-9.8354,-78.5608,-181.4930,-9.8322
32.55,-9.7809,-78.3480,-181.3713,-9.7777
32.66,-9.7267,-78.1350,-181.2495,-9.7234
32.78,-9.6728,-77.9216,-181.1278,-9.6694
32.89,-9.6191,-77.7079,-181.0061,-9.6157
33.01,-9.5657,-77.4938,-180.8844,-9.5622
33.12,-9.5126,-77.2794,-180.7627,-9.5091
33.24,-9.4597,-77.0647,-180.6410,-9.4561
33.36,-9.4072,-76.8497,-180.5192,-9.4035
33.47,-9.3548,-76.6344,-180.3975,-9.3511
33.59,-9.3028,-76.4187,-180.2758,-9.2990
33.71,-9.2510,-76.2427,-180.1541,-9.2472
33.83,-9.1995,-76.0966,-180.0324,-9.1956
33.94,-9.1483,-75.9504,-179.9107,-9.1444
34.06,-9.0974,-75.8041,-179.7889,-9.0934
34.18,-9.0468,-75.6577,-179.6672,-9.0427
34.30,-8.9964,-75.5112,-179.5455,-8.9923
34.42,-8.9463,-75.3646,-179.4238,-8.9421
34.54,-8.8965,-75.2180,-179.3021,-8.8923
34.67,-8.8470,-75.0712,-179.1804,-8.8427
34.79,-8.7977,-74.9244,-179.0586,-8.7934
34.91,-8.7488,-74.7775,-178.9369,-8.7444
35.03,-8.7001,-74.6304,-178.8152,-8.6957
35.15,-8.6517,-74.4833,-178.6935,-8.6473
35.28,-8.6036,-74.3361,-178.5718,-8.5991
35.40,-8.5558,-74.1888,-178.4501,-8.5513
35.53,-8.5083,-74.0414,-178.3283,-8.5037
35.65,-8.4611,-73.8920,-178.2066,-8.4564
35.78,-8.4142,-73.7220,-178.0849,-8.4094
35.90,-8.3675,-73.5518,-177.9632,-8.3627
36.03,-8.3212,-73.3815,-177.8415,-8.3163
36.15,-8.2751,-73.2110,-177.7198,-8.2702
36.28,-8.2294,-73.0403,-177.5980,-8.2244
36.41,-8.1839,-72.8694,-177.4763,-8.1789
36.54,-8.1388,-72.6984,-177.3546,-8.1336
36.66,-8.0939,-72.5272,-177.2329,-8.0887
36.79,-8.0493,-72.3558,-177.1112,-8.0440
36.92,-8.0051,-72.1842,-176.9895,-7.9997
37.05,-7.9611,-72.0125,-176.8677,-7.9557
37.18,-7.9174,-71.8406,-176.7460,-7.9119
37.31,-7.8741,-71.6685,-176.6243,-7.8685
37.44,-7.8310,-71.4962,-176.5026,-7.8253
37.57,-7.7882,-71.3238,-176.3809,-7.7825
37.71,-7.7458,-71.1511,-176.2592,-7.7399
37.84,-7.7036,-70.9804,-176.1374,-7.6977
37.97,-7.6618,-70.8105,-176.0157,-7.6557
38.10,-7.6202,-70.6405,-175.8940,-7.6141
38.24,-7.5790,-70.4703,-175.7723,-7.5727
38.37,-7.5380,-70.2999,-175.6506,-7.5317
38.51,-7.4974,-70.1293,-175.5289,-7.4910
38.64,-7.4570,-69.9586,-175.4072,-7.4505
38.78,-7.4170,-69.7877,-175.2854,-7.4104
38.91,-7.3773,-69.6166,-175.1637,-7.3706
39.05,-7.3378,-69.4453,-175.0420,-7.3310
39.19,-7.2987,-69.2739,-174.9203,-7.2918
39.33,-7.2599,-69.1023,-174.7986,-7.2529
39.46,-7.2214,-68.9305,-174.6769,-7.2143
39.60,-7.1832,-68.7585,-174.5551,-7.1760
39.74,-7.1453,-68.5863,-174.4334,-7.1380
39.88,-7.1077,-68.4140,-174.3117,-7.1003
40.02,-7.0705,-68.2452,-174.1900,-7.0629
40.16,-7.0335,-68.0989,-174.0683,-7.0258
40.30,-6.9968,-67.9524,-173.9466,-6.9890
40.44,-6.9604,-67.8059,-173.8248,-6.9526
40.58,-6.9244,-67.6593,-173.7031,-6.9164
40.73,-6.8886,-67.5125,-173.5814,-6.8805
40.87,-6.8532,-67.3657,-173.4597,-6.8450
41.01,-6.8180,-67.2188,-173.3380,-6.8097
41.16,-6.7832,-67.0718,-173.2163,-6.7748
41.30,-6.7486,-66.9247,-173.0945,-6.7401
41.45,-6.7144,-66.7775,-172.9728,-6.7058
41.59,-6.6805,-66.6302,-172.8511,-6.6717
41.74,-6.6468,-66.4829,-172.7294,-6.6380
41.88,-6.6135,-66.3354,-172.6077,-6.6045
42.03,-6.5805,-66.1879,-172.4860,-6.5714
42.18,-6.5477,-66.0402,-172.3642,-6.5385
42.33,-6.5153,-65.8925,-172.2425,-6.5060
42.48,-6.4832,-65.7646,-172.1208,-6.4737
42.63,-6.4513,-65.6476,-171.9991,-6.4418
42.77,-6.4198,-65.5306,-171.8774,-6.4102
42.92,-6.3885,-65.4137,-171.7557,-6.3788
43.08,-6.3576,-65.2968,-171.6339,-6.3478
43.23,-6.3269,-65.1798,-171.5122,-6.3170
43.38,-6.2966,-65.0629,-171.3905,-6.2866
43.53,-6.2665,-64.9461,-171.2688,-6.2564
43.68,-6.2367,-64.8292,-171.1471,-6.2265
43.84,-6.2072,-64.7123,-171.0254,-6.1969
43.99,-6.1780,-64.5955,-170.9036,-6.1676
44.14,-6.1491,-64.4786,-170.7819,-6.1386
44.30,-6.1205,-64.3618,-170.6602,-6.1099
44.46,-6.0922,-64.2450,-170.5385,-6.0814
44.61,-6.0641,-64.1282,-170.4168,-6.0533
44.77,-6.0363,-64.0114,-170.2951,-6.0254
44.92,-6.0089,-63.9048,-170.1734,-5.9978
45.08,-5.9817,-63.8527,-170.0516,-5.9706
45.24,-5.9547,-63.8008,-169.9299,-5.9436
45.40,-5.9281,-63.7491,-169.8082,-5.9169
45.56,-5.9017,-63.6977,-169.6865,-5.8905
45.72,-5.8756,-63.6465,-169.5648,-5.8644
45.88,-5.8498,-63.5955,-169.4431,-5.8385
46.04,-5.8242,-63.5448,-169.3213,-5.8129
46.20,-5.7989,-63.4944,-169.1996,-5.7876
46.36,-5.7739,-63.4442,-169.0779,-5.7626
46.53,-5.7492,-63.3942,-168.9562,-5.7378
46.69,-5.7247,-63.3445,-168.8345,-5.7133
46.85,-5.7005,-63.2950,-168.7128,-5.6890
47.02,-5.6765,-63.2458,-168.5910,-5.6650
47.18,-5.6528,-63.1969,-168.4693,-5.6413
47.35,-5.6294,-63.1482,-168.3476,-5.6179
47.51,-5.6062,-63.0997,-168.2259,-5.5946
47.68,-5.5833,-62.9697,-168.1042,-5.5716
47.85,-5.5606,-62.7993,-167.9825,-5.5487
48.02,-5.5382,-62.6286,-167.8607,-5.5261
48.19,-5.5161,-62.4578,-167.7390,-5.5037
48.35,-5.4941,-62.2868,-167.6173,-5.4816
48.52,-5.4725,-62.1157,-167.4956,-5.4597
48.69,-5.4510,-61.9443,-167.3739,-5.4380
48.87,-5.4298,-61.7728,-167.2522,-5.4166
49.04,-5.4089,-61.6011,-167.1304,-5.3954
49.21,-5.3882,-61.4292,-167.0087,-5.3745
49.38,-5.3677,-61.2571,-166.8870,-5.3538
49.55,-5.3475,-61.0849,-166.7653,-5.3333
49.73,-5.3275,-60.9125,-166.6436,-5.3131
49.90,-5.3077,-60.7398,-166.5219,-5.2930
50.08,-5.2882,-60.5670,-166.4002,-5.2732
50.25,-5.2688,-60.3941,-166.2784,-5.2536
50.43,-5.2497,-60.2111,-166.1567,-5.2342
50.61,-5.2309,-59.9813,-166.0350,-5.2150
50.79,-5.2122,-59.7510,-165.9133,-5.1959
50.96,-5.1938,-59.5204,-165.7916,-5.1771
51.14,-5.1756,-59.2894,-165.6699,-5.1585
51.32,-5.1576,-59.0580,-165.5481,-5.1400
51.50,-5.1398,-58.8262,-165.4264,-5.1218
51.68,-5.1222,-58.5940,-165.3047,-5.1038
51.86,-5.1048,-58.3614,-165.1830,-5.0859
52.05,-5.0876,-58.1284,-165.0613,-5.0683
52.23,-5.0707,-57.8951,-164.9396,-5.0508
52.41,-5.0539,-57.6613,-164.8178,-5.0336
52.60,-5.0373,-57.4271,-164.6961,-5.0165
52.78,-5.0210,-57.1926,-164.5744,-4.9996
52.97,-5.0048,-56.9576,-164.4527,-4.9829
53.15,-4.9888,-56.7222,-164.3310,-4.9663
53.34,-4.9730,-56.4865,-164.2093,-4.9500
53.53,-4.9574,-56.2467,-164.0876,-4.9337
53.71,-4.9420,-56.0050,-163.9658,-4.9177
53.90,-4.9267,-55.7630,-163.8441,-4.9018
54.09,-4.9117,-55.5205,-163.7224,-4.8861
54.28,-4.8968,-55.2775,-163.6007,-4.8705
54.47,-4.8821,-55.0342,-163.4790,-4.8551
54.66,-4.8676,-54.7904,-163.3573,-4.8399
54.85,-4.8532,-54.5462,-163.2355,-4.8248
55.05,-4.8390,-54.3015,-163.1138,-4.8099
55.24,-4.8250,-54.0565,-162.9921,-4.7951
55.43,-4.8112,-53.8109,-162.8704,-4.7804
55.63,-4.7975,-53.5650,-162.7487,-4.7659
55.82,-4.7840,-53.3186,-162.6270,-4.7515
56.02,-4.7706,-53.0717,-162.5052,-4.7373
56.22,-4.7574,-52.8244,-162.3835,-4.7232
56.41,-4.7444,-52.5767,-162.2618,-4.7092
56.61,-4.7315,-52.3409,-162.1401,-4.6954
56.81,-4.7187,-52.1522,-162.0184,-4.6819
57.01,-4.7061,-51.9632,-161.8967,-4.6686
57.21,-4.6937,-51.7740,-161.7750,-4.6553
57.41,-4.6814,-51.5846,-161.6532,-4.6423
57.61,-4.6692,-51.3949,-161.5315,-4.6293
57.81,-4.6572,-51.2050,-161.4098,-4.6164
58.02,-4.6453,-51.0148,-161.2881,-4.6037
58.22,-4.6336,-50.8244,-161.1664,-4.5911
58.42,-4.6220,-50.6337,-161.0447,-4.5786
58.63,-4.6105,-50.4428,-160.9229,-4.5663
58.84,-4.5992,-50.2516,-160.8012,-4.5540
59.04,-4.5880,-50.0602,-160.6795,-4.5418
59.25,-4.5769,-49.8685,-160.5578,-4.5298
59.46,-4.5659,-49.6766,-160.4361,-4.5178
59.67,-4.5551,-49.4844,-160.3144,-4.5060
59.88,-4.5444,-49.2920,-160.1926,-4.4942
60.09,-4.5338,-49.1458,-160.0709,-4.4829
60.30,-4.5233,-49.0160,-159.9492,-4.4717
60.51,-4.5130,-48.8861,-159.8275,-4.4606
60.72,-4.5027,-48.7563,-159.7058,-4.4496
60.93,-4.4926,-48.6264,-159.5841,-4.4388
61.15,-4.4825,-48.4964,-159.4624,-4.4280
61.36,-4.4726,-48.3664,-159.3406,-4.4173
61.58,-4.4628,-48.2364,-159.2189,-4.4067
61.79,-4.4531,-48.1064,-159.0972,-4.3962
62.01,-4.4435,-47.9763,-158.9755,-4.3858
62.23,-4.4340,-47.8462,-158.8538,-4.3755
62.45,-4.4246,-47.7160,-158.7321,-4.3653
62.66,-4.4153,-47.5859,-158.6103,-4.3552
62.88,-4.4060,-47.4556,-158.4886,-4.3451
63.11,-4.3969,-47.3254,-158.3669,-4.3351
63.33,-4.3879,-47.1951,-158.2452,-4.3252
63.55,-4.3789,-47.0714,-158.1235,-4.3155
63.77,-4.3701,-46.9709,-158.0018,-4.3060
64.00,-4.3613,-46.8705,-157.8801,-4.2965
64.22,-4.3527,-46.7702,-157.7583,-4.2871
64.45,-4.3441,-46.6700,-157.6366,-4.2779
64.67,-4.3355,-46.5698,-157.5149,-4.2686
64.90,-4.3271,-46.4697,-157.3932,-4.2595
65.13,-4.3188,-46.3696,-157.2715,-4.2504
65.36,-4.3105,-46.2697,-157.1498,-4.2414
65.58,-4.3023,-46.1698,-157.0281,-4.2325
65.82,-4.2941,-46.0699,-156.9063,-4.2236
66.05,-4.2861,-45.9702,-156.7846,-4.2148
66.28,-4.2781,-45.8705,-156.6629,-4.2061
66.51,-4.2702,-45.7709,-156.5412,-4.1974
66.74,-4.2623,-45.6714,-156.4195,-4.1888
66.98,-4.2546,-45.5719,-156.2978,-4.1802
67.21,-4.2468,-45.4725,-156.1760,-4.1717
67.45,-4.2392,-45.3586,-156.0543,-4.1632
67.69,-4.2316,-45.2402,-155.9326,-4.1546
67.92,-4.2241,-45.1217,-155.8109,-4.1461
68.16,-4.2166,-45.0033,-155.6892,-4.1376
68.40,-4.2092,-44.8849,-155.5675,-4.1292
68.64,-4.2018,-44.7664,-155.4458,-4.1208
68.88,-4.1945,-44.6480,-155.3240,-4.1125
69.12,-4.1873,-44.5296,-155.2023,-4.1042
69.37,-4.1801,-44.4112,-155.0806,-4.0959
69.61,-4.1730,-44.2928,-154.9589,-4.0877
69.85,-4.1659,-44.1744,-154.8372,-4.0795
70.10,-4.1588,-44.0560,-154.7155,-4.0714
70.34,-4.1518,-43.9376,-154.5938,-4.0633
70.59,-4.1449,-43.8192,-154.4720,-4.0552
70.84,-4.1380,-43.7008,-154.3503,-4.0471
71.09,-4.1311,-43.5825,-154.2286,-4.0391
71.34,-4.1243,-43.4481,-154.1069,-4.0309
71.59,-4.1175,-43.2703,-153.9852,-4.0223
71.84,-4.1108,-43.0923,-153.8635,-4.0137
72.09,-4.1041,-42.9142,-153.7418,-4.0051
72.34,-4.0975,-42.7358,-153.6200,-3.9964
72.60,-4.0908,-42.5572,-153.4983,-3.9878
72.85,-4.0843,-42.3784,-153.3766,-3.9792
73.11,-4.0777,-42.1995,-153.2549,-3.9705
73.37,-4.0712,-42.0203,-153.1332,-3.9619
73.62,-4.0647,-41.8409,-153.0115,-3.9532
73.88,-4.0583,-41.6613,-152.8898,-3.9446
74.14,-4.0519,-41.4814,-152.7680,-3.9359
74.40,-4.0455,-41.3014,-152.6463,-3.9271
74.66,-4.0391,-41.1212,-152.5246,-3.9184
74.92,-4.0328,-40.9407,-152.4029,-3.9097
75.19,-4.0265,-40.7601,-152.2812,-3.9009
75.45,-4.0202,-40.5792,-152.1595,-3.8921
75.72,-4.0140,-40.4097,-152.0378,-3.8834
75.98,-4.0077,-40.2433,-151.9160,-3.8748
76.25,-4.0015,-40.0769,-151.7943,-3.8661
76.52,-3.9953,-39.9102,-151.6726,-3.8574
76.78,-3.9892,-39.7434,-151.5509,-3.8487
77.05,-3.9830,-39.5764,-151.4292,-3.8400
77.32,-3.9769,-39.4093,-151.3075,-3.8312
77.60,-3.9708,-39.2420,-151.1858,-3.8224
77.87,-3.9647,-39.0745,-151.0640,-3.8136
78.14,-3.9587,-38.9068,-150.9423,-3.8047
78.41,-3.9526,-38.7390,-150.8206,-3.7958
78.69,-3.9466,-38.5711,-150.6989,-3.7868
78.97,-3.9406,-38.4029,-150.5772,-3.7778
79.24,-3.9346,-38.2346,-150.4555,-3.7688
79.52,-3.9286,-38.0661,-150.3338,-3.7597
79.80,-3.9226,-37.8975,-150.2121,-3.7505
80.08,-3.9167,-37.7345,-150.0903,-3.7415
80.36,-3.9107,-37.5857,-149.9686,-3.7327
80.64,-3.9048,-37.4368,-149.8469,-3.7238
80.93,-3.8989,-37.2878,-149.7252,-3.7149
81.21,-3.8930,-37.1387,-149.6035,-3.7059
81.50,-3.8870,-36.9895,-149.4818,-3.6970
81.78,-3.8811,-36.8402,-149.3601,-3.6879
82.07,-3.8753,-36.6908,-149.2384,-3.6789
82.36,-3.8694,-36.5413,-149.1166,-3.6697
82.65,-3.8635,-36.3917,-148.9949,-3.6606
82.94,-3.8576,-36.2420,-148.8732,-3.6514
83.23,-3.8518,-36.0922,-148.7515,-3.6421
83.52,-3.8459,-35.9423,-148.6298,-3.6328
83.81,-3.8400,-35.7923,-148.5081,-3.6234
84.11,-3.8342,-35.6422,-148.3864,-3.6139
84.40,-3.8283,-35.4920,-148.2647,-3.6044
84.70,-3.8225,-35.3416,-148.1429,-3.5949
84.99,-3.8166,-35.2063,-148.0212,-3.5857
85.29,-3.8108,-35.0749,-147.8995,-3.5765
85.59,-3.8050,-34.9435,-147.7778,-3.5673
85.89,-3.7991,-34.8120,-147.6561,-3.5581
86.19,-3.7933,-34.6805,-147.5344,-3.5488
86.50,-3.7875,-34.5490,-147.4127,-3.5394
86.80,-3.7816,-34.4174,-147.2910,-3.5300
87.10,-3.7758,-34.2858,-147.1692,-3.5206
87.41,-3.7699,-34.1541,-147.0475,-3.5110
87.72,-3.7641,-34.0224,-146.9258,-3.5015
88.03,-3.7583,-33.8907,-146.8041,-3.4919
88.33,-3.7524,-33.7589,-146.6824,-3.4822
88.64,-3.7466,-33.6271,-146.5607,-3.4725
88.96,-3.7407,-33.4953,-146.4390,-3.4627
89.27,-3.7349,-33.3634,-146.3173,-3.4528
89.58,-3.7290,-33.2315,-146.1955,-3.4429
89.89,-3.7232,-33.0996,-146.0738,-3.4329
90.21,-3.7173,-32.9680,-145.9521,-3.4229
90.53,-3.7114,-32.8363,-145.8304,-3.4128
90.84,-3.7056,-32.7046,-145.7087,-3.4027
91.16,-3.6997,-32.5728,-145.5870,-3.3925
91.48,-3.6938,-32.4410,-145.4653,-3.3822
91.80,-3.6879,-32.3092,-145.3436,-3.3718
92.13,-3.6820,-32.1773,-145.2219,-3.3614
92.45,-3.6761,-32.0454,-145.1002,-3.3509
92.77,-3.6702,-31.9135,-144.9784,-3.3403
93.10,-3.6643,-31.7815,-144.8567,-3.3297
93.43,-3.6584,-31.6495,-144.7350,-3.3190
93.75,-3.6525,-31.5175,-144.6133,-3.3082
94.08,-3.6466,-31.3854,-144.4916,-3.2974
94.41,-3.6407,-31.2532,-144.3699,-3.2864
94.75,-3.6347,-31.1211,-144.2482,-3.2754
95.08,-3.6288,-30.9889,-144.1265,-3.2643
95.41,-3.6228,-30.9002,-144.0048,-3.2549
95.75,-3.6169,-30.8216,-143.8831,-3.2460
96.08,-3.6109,-30.7431,-143.7613,-3.2370
96.42,-3.6050,-30.6649,-143.6396,-3.2279
96.76,-3.5990,-30.5867,-143.5179,-3.2189
97.10,-3.5930,-30.5088,-143.3962,-3.2098
97.44,-3.5870,-30.4309,-143.2745,-3.2007
97.78,-3.5810,-30.3533,-143.1528,-3.1916
98.12,-3.5750,-30.2758,-143.0311,-3.1825
98.47,-3.5690,-30.1984,-142.9094,-3.1733
98.81,-3.5630,-30.1213,-142.7877,-3.1641
99.16,-3.5570,-30.0442,-142.6660,-3.1549
99.51,-3.5510,-29.9674,-142.5443,-3.1456
99.86,-3.5450,-29.8907,-142.4225,-3.1364
100.21,-3.5389,-29.8141,-142.3008,-3.1271
100.56,-3.5329,-29.7378,-142.1791,-3.1178
100.91,-3.5268,-29.6158,-142.0574,-3.1063
101.27,-3.5208,-29.4070,-141.9357,-3.0906
101.62,-3.5147,-29.1978,-121.8091,-3.0746
101.98,-3.5087,-28.9884,-121.6064,-3.0583
102.34,-3.5026,-28.7787,-121.4035,-3.0419
102.70,-3.4965,-28.5687,-121.2003,-3.0252
103.06,-3.4905,-28.3583,-120.9968,-3.0082
103.42,-3.4844,-28.1477,-120.7930,-2.9909
103.78,-3.4783,-27.9368,-120.5889,-2.9734
104.14,-3.4722,-27.7255,-120.3845,-2.9556
104.51,-3.4662,-27.5140,-120.1799,-2.9375
104.88,-3.4601,-27.3022,-119.9749,-2.9192
105.24,-3.4540,-27.0900,-119.7697,-2.9005
105.61,-3.4479,-26.8775,-119.5641,-2.8815
105.98,-3.4418,-26.6648,-119.3583,-2.8622
106.36,-3.4357,-26.4517,-119.1522,-2.8426
106.73,-3.4296,-26.2383,-118.9457,-2.8227
107.10,-3.4235,-26.0683,-118.7390,-2.8055
107.48,-3.4174,-25.9065,-118.5320,-2.7886
107.86,-3.4114,-25.7446,-118.3407,-2.7715
108.24,-3.4053,-25.5825,-118.1672,-2.7543
108.62,-3.3992,-25.4203,-117.9935,-2.7368
109.00,-3.3931,-25.2580,-117.8196,-2.7192
109.38,-3.3870,-25.0956,-117.6456,-2.7013
109.76,-3.3810,-24.9330,-117.4713,-2.6833
110.15,-3.3749,-24.7703,-117.2969,-2.6650
110.54,-3.3688,-24.6075,-117.1223,-2.6465
110.92,-3.3628,-24.4446,-116.9475,-2.6279
111.31,-3.3567,-24.2815,-116.7725,-2.6090
111.70,-3.3507,-24.1183,-116.5973,-2.5899
112.10,-3.3447,-23.9550,-116.4220,-2.5705
112.49,-3.3386,-23.7916,-116.2464,-2.5510
112.88,-3.3326,-23.6280,-116.0707,-2.5312
113.28,-3.3266,-23.4713,-115.8948,-2.5118
113.68,-3.3206,-23.3273,-115.7187,-2.4934
114.08,-3.3147,-23.1833,-115.5424,-2.4748
114.48,-3.3087,-23.0392,-115.3843,-2.4560
114.88,-3.3028,-22.8951,-115.2279,-2.4370
115.28,-3.2968,-22.7509,-115.0713,-2.4179
115.69,-3.2909,-22.6066,-114.9146,-2.3986
116.09,-3.2850,-22.4624,-114.7578,-2.3791
116.50,-3.2792,-22.3180,-114.6008,-2.3594
116.91,-3.2733,-22.1737,-114.4438,-2.3395
117.32,-3.2675,-22.0293,-114.2866,-2.3195
117.73,-3.2617,-21.8848,-114.1292,-2.2992
118.14,-3.2559,-21.7403,-113.9718,-2.2788
118.56,-3.2502,-21.5957,-113.8142,-2.2582
118.97,-3.2444,-21.4512,-113.6565,-2.2374
119.39,-3.2387,-21.3065,-113.4987,-2.2163
119.81,-3.2331,-21.1619,-113.3408,-2.1951
120.23,-3.2274,-21.0181,-113.1827,-2.1738
120.65,-3.2218,-20.8745,-113.0245,-2.1523
121.08,-3.2163,-20.7308,-112.8671,-2.1307
121.50,-3.2107,-20.5871,-112.7113,-2.1088
121.93,-3.2053,-20.4434,-112.5554,-2.0867
122.36,-3.1998,-20.2996,-112.3994,-2.0644
122.78,-3.1944,-20.1558,-112.2432,-2.0419
123.22,-3.1890,-20.0120,-112.0870,-2.0192
123.65,-3.1837,-19.8682,-111.9306,-1.9963
124.08,-3.1784,-19.7243,-111.7741,-1.9732
124.52,-3.1732,-19.5804,-111.6174,-1.9499
124.95,-3.1680,-19.4365,-111.4607,-1.9264
125.39,-3.1629,-19.2926,-111.3038,-1.9027
125.83,-3.1578,-19.1487,-111.1468,-1.8787
126.27,-3.1528,-19.0048,-110.9897,-1.8546
126.72,-3.1479,-18.8609,-110.8324,-1.8302
127.16,-3.1430,-18.7196,-110.6751,-1.8060
127.61,-3.1382,-18.5826,-110.5176,-1.7822
128.06,-3.1334,-18.4456,-110.3600,-1.7582
128.51,-3.1287,-18.3087,-110.1993,-1.7340
128.96,-3.1241,-18.1718,-110.0375,-1.7096
129.41,-3.1196,-18.0349,-109.8757,-1.6851
129.86,-3.1151,-17.8980,-109.7136,-1.6603
130.32,-3.1107,-17.7612,-109.5515,-1.6354
130.78,-3.1064,-17.6244,-109.3892,-1.6102
131.24,-3.1022,-17.4876,-109.2268,-1.5849
131.70,-3.0981,-17.3509,-109.0642,-1.5594
132.16,-3.0940,-17.2142,-108.9015,-1.5337
132.62,-3.0901,-17.0776,-108.7386,-1.5078
133.09,-3.0863,-16.9410,-108.5756,-1.4817
133.55,-3.0825,-16.8045,-108.4124,-1.4554
134.02,-3.0789,-16.6680,-108.2492,-1.4289
134.49,-3.0753,-16.5316,-108.0857,-1.4023
134.97,-3.0719,-16.4066,-107.9221,-1.3774
135.44,-3.0686,-16.2828,-107.7584,-1.3526
135.91,-3.0654,-16.1592,-107.5914,-1.3277
136.39,-3.0624,-16.0357,-107.4115,-1.3027
136.87,-3.0594,-15.9123,-107.2315,-1.2775
137.35,-3.0566,-15.7890,-107.0512,-1.2523
137.83,-3.0539,-15.6659,-106.8708,-1.2269
138.32,-3.0514,-15.5429,-106.6901,-1.2013
138.80,-3.0490,-15.4200,-106.5092,-1.1757
139.29,-3.0467,-15.2973,-106.3282,-1.1499
139.78,-3.0446,-15.1747,-106.1469,-1.1241
140.27,-3.0427,-15.0523,-105.9654,-1.0981
140.76,-3.0409,-14.9300,-105.7837,-1.0720
141.25,-3.0393,-14.8079,-105.6018,-1.0458
141.75,-3.0378,-14.6859,-105.4196,-1.0195
142.25,-3.0365,-14.5641,-105.2373,-0.9931
142.75,-3.0354,-14.4425,-105.0548,-0.9666
143.25,-3.0345,-14.3210,-104.8720,-0.9400
143.75,-3.0338,-14.1998,-104.6890,-0.9133
144.26,-3.0332,-14.0787,-104.5043,-0.8865
144.76,-3.0329,-13.9578,-104.3185,-0.8596
145.27,-3.0327,-13.8371,-104.1324,-0.8326
145.78,-3.0328,-13.7166,-103.9461,-0.8056
146.29,-3.0331,-13.5963,-103.7596,-0.7784
146.80,-3.0336,-13.4763,-103.5728,-0.7512
147.32,-3.0344,-13.3564,-103.3859,-0.7240
147.84,-3.0353,-13.2368,-103.1987,-0.6966
148.36,-3.0366,-13.1174,-103.0112,-0.6692
148.88,-3.0380,-12.9983,-102.8236,-0.6418
149.40,-3.0397,-12.8793,-102.6357,-0.6142
149.92,-3.0417,-12.7607,-102.4475,-0.5867
150.45,-3.0439,-12.6423,-102.2592,-0.5590
150.98,-3.0464,-12.5241,-102.0706,-0.5314
151.51,-3.0492,-12.4117,-101.8818,-0.5050
152.04,-3.0523,-12.3000,-101.6927,-0.4788
152.57,-3.0557,-12.1887,-101.5026,-0.4526
153.11,-3.0593,-12.0776,-101.3005,-0.4265
153.64,-3.0633,-11.9669,-101.0982,-0.4003
154.18,-3.0676,-11.8565,-100.8955,-0.3741
154.73,-3.0722,-11.7464,-100.6925,-0.3480
155.27,-3.0772,-11.6367,-100.4893,-0.3219
155.81,-3.0824,-11.5273,-100.2858,-0.2959
156.36,-3.0881,-11.4183,-100.0820,-0.2699
156.91,-3.0940,-11.3096,-99.8779,-0.2440
157.46,-3.1004,-11.2013,-99.6735,-0.2181
158.01,-3.1071,-11.0934,-99.4688,-0.1923
158.57,-3.1142,-10.9859,-99.2638,-0.1665
159.12,-3.1216,-10.8788,-99.0586,-0.1409
159.68,-3.1295,-10.7720,-98.8530,-0.1153
160.24,-3.1378,-10.6656,-98.6472,-0.0898
160.80,-3.1464,-10.5594,-98.4410,-0.0643
161.37,-3.1555,-10.4536,-98.2346,-0.0389
161.93,-3.1651,-10.3482,-98.0271,-0.0136
162.50,-3.1750,-10.2433,-97.8183,0.0115
163.07,-3.1854,-10.1388,-97.6093,0.0366
163.65,-3.1963,-10.0348,-97.4000,0.0615
164.22,-3.2076,-9.9313,-97.1903,0.0862
164.80,-3.2194,-9.8283,-96.9804,0.1108
165.37,-3.2317,-9.7258,-96.7701,0.1353
165.95,-3.2445,-9.6237,-96.5595,0.1595
166.54,-3.2578,-9.5222,-96.3487,0.1837
167.12,-3.2716,-9.4212,-96.1375,0.2076
167.71,-3.2859,-9.3207,-95.9259,0.2313
168.30,-3.3007,-9.2208,-95.7141,0.2549
168.89,-3.3161,-9.1214,-95.5020,0.2782
169.48,-3.3320,-9.0225,-95.2895,0.3014
170.07,-3.3485,-8.9183,-95.0768,0.3263
170.67,-3.3656,-8.8144,-94.8637,0.3512
171.27,-3.3832,-8.7110,-94.6503,0.3759
171.87,-3.4014,-8.6081,-94.4521,0.4004
172.47,-3.4202,-8.5059,-94.2550,0.4247
173.08,-3.4396,-8.4042,-94.0577,0.4488
173.69,-3.4596,-8.3032,-93.8602,0.4727
174.30,-3.4803,-8.2027,-93.6623,0.4963
174.91,-3.5016,-8.1029,-93.4642,0.5197
175.52,-3.5235,-8.0037,-93.2659,0.5429
176.14,-3.5460,-7.9051,-93.0672,0.5658
176.76,-3.5693,-7.8072,-92.8683,0.5885
177.38,-3.5932,-7.7100,-92.6692,0.6109
178.00,-3.6177,-7.6134,-92.4697,0.6330
178.62,-3.6430,-7.5175,-92.2700,0.6548
179.25,-3.6690,-7.4222,-92.0700,0.6764
179.88,-3.6956,-7.3222,-91.8697,0.6998
180.51,-3.7230,-7.2166,-91.6692,0.7255
181.15,-3.7511,-7.1115,-91.4684,0.7510
181.78,-3.7799,-7.0072,-91.2788,0.7763
182.42,-3.8094,-6.9035,-91.1107,0.8014
183.06,-3.8397,-6.8006,-90.9425,0.8262
183.70,-3.8708,-6.6983,-90.7741,0.8508
184.35,-3.9026,-6.5967,-90.6056,0.8752
184.99,-3.9352,-6.4959,-90.4368,0.8994
185.64,-3.9685,-6.3957,-90.2679,0.9232
186.29,-4.0026,-6.2963,-90.0989,0.9469
186.95,-4.0375,-6.1976,-89.9297,0.9703
187.60,-4.0732,-6.0996,-89.7603,0.9934
188.26,-4.1097,-6.0024,-89.5907,1.0163
188.92,-4.1470,-5.9059,-89.4210,1.0389
189.59,-4.1851,-5.8102,-89.2511,1.0612
190.25,-4.2240,-5.7152,-89.0811,1.0832
190.92,-4.2638,-5.6331,-88.9109,1.0994
191.59,-4.3043,-5.5522,-88.7405,1.1150
192.26,-4.3457,-5.4721,-88.5699,1.1302
192.94,-4.3879,-5.3928,-88.3927,1.1450
193.61,-4.4310,-5.3144,-88.2134,1.1594
194.29,-4.4749,-5.2368,-88.0339,1.1734
194.97,-4.5196,-5.1599,-87.8541,1.1870
195.66,-4.5652,-5.0840,-87.6742,1.2002
196.35,-4.6116,-5.0088,-87.4941,1.2130
197.03,-4.6589,-4.9345,-87.3138,1.2253
197.73,-4.7070,-4.8610,-87.1333,1.2372
198.42,-4.7560,-4.7884,-86.9526,1.2488
199.12,-4.8058,-4.7166,-86.7717,1.2598
199.81,-4.8565,-4.6457,-86.5905,1.2705
200.52,-4.9080,-4.5755,-86.4092,1.2808
201.22,-4.9604,-4.5063,-86.2276,1.2906
201.93,-5.0137,-4.4462,-86.0459,1.2956
202.63,-5.0678,-4.3964,-85.8639,1.2954
203.35,-5.1227,-4.3474,-85.6817,1.2945
204.06,-5.1786,-4.2994,-85.4964,1.2932
204.78,-5.2352,-4.2522,-85.2996,1.2912
205.49,-5.2927,-4.2060,-85.1025,1.2887
206.22,-5.3511,-4.1606,-84.9051,1.2856
206.94,-5.4103,-4.1161,-84.7075,1.2819
207.67,-5.4703,-4.0725,-84.5096,1.2777
208.39,-5.5312,-4.0299,-84.3115,1.2729
209.13,-5.5929,-3.9880,-84.1130,1.2676
209.86,-5.6555,-3.9471,-83.9144,1.2617
210.60,-5.7188,-3.9071,-83.7154,1.2553
211.33,-5.7830,-3.8679,-83.5162,1.2483
212.08,-5.8481,-3.8296,-83.3167,1.2408
212.82,-5.9139,-3.7921,-83.1169,1.2328
213.57,-5.9805,-3.7555,-82.9169,1.2242
214.32,-6.0480,-3.7128,-82.7166,1.2190
215.07,-6.1162,-3.6710,-82.5160,1.2134
215.82,-6.1852,-3.6299,-82.3151,1.2073
216.58,-6.2550,-3.5896,-82.1116,1.2007
217.34,-6.3256,-3.5502,-81.9066,1.1937
218.10,-6.3970,-3.5116,-81.7012,1.1862
218.87,-6.4691,-3.4737,-81.4956,1.1783
219.64,-6.5420,-3.4366,-81.2896,1.1700
220.41,-6.6157,-3.4003,-81.0834,1.1612
221.18,-6.6900,-3.3648,-80.8768,1.1520
221.96,-6.7652,-3.3301,-80.6700,1.1424
222.74,-6.8410,-3.2961,-80.4629,1.1324
223.52,-6.9176,-3.2628,-80.2555,1.1220
224.30,-6.9949,-3.2303,-80.0477,1.1111
225.09,-7.0729,-3.1986,-79.8397,1.0999
225.88,-7.1515,-3.1675,-79.6314,1.0883
226.67,-7.2309,-3.1279,-79.4228,1.0821
227.47,-7.3110,-3.0798,-79.2139,1.0812
228.27,-7.3917,-3.0324,-79.0046,1.0801
229.07,-7.4731,-2.9856,-78.7967,1.0788
229.87,-7.5551,-2.9394,-78.6095,1.0773
230.68,-7.6378,-2.8938,-78.4220,1.0756
231.49,-7.7212,-2.8489,-78.2343,1.0738
232.30,-7.8051,-2.8045,-78.0463,1.0717
233.12,-7.8897,-2.7607,-77.8582,1.0696
233.93,-7.9749,-2.7175,-77.6698,1.0672
234.75,-8.0607,-2.6749,-77.4811,1.0648
235.58,-8.1470,-2.6328,-77.2923,1.0622
236.41,-8.2340,-2.5912,-77.1032,1.0594
237.23,-8.3215,-2.5502,-76.9138,1.0566
238.07,-8.4096,-2.5098,-76.7243,1.0536
238.90,-8.4983,-2.4698,-76.5345,1.0505
239.74,-8.5875,-2.4306,-76.3444,1.0472
240.58,-8.6772,-2.4097,-76.1542,1.0318
241.43,-8.7675,-2.3894,-75.9637,1.0161
242.27,-8.8583,-2.3696,-75.7729,1.0002
243.12,-8.9496,-2.3504,-75.5988,0.9841
243.98,-9.0414,-2.3317,-75.4415,0.9678
244.83,-9.1337,-2.3135,-75.2840,0.9512
245.69,-9.2264,-2.2958,-75.1265,0.9345
246.56,-9.3197,-2.2787,-74.9688,0.9175
247.42,-9.4134,-2.2620,-74.8110,0.9004
248.29,-9.5076,-2.2458,-74.6530,0.8831
249.16,-9.6023,-2.2302,-74.4950,0.8656
250.03,-9.6973,-2.2149,-74.3368,0.8479
250.91,-9.7928,-2.2002,-74.1785,0.8301
251.79,-9.8888,-2.1859,-74.0201,0.8121
252.68,-9.9851,-2.1720,-73.8615,0.7940
253.56,-10.0819,-2.1586,-73.7028,0.7757
254.45,-10.1791,-2.1390,-73.5440,0.7621
255.35,-10.2766,-2.1139,-73.3851,0.7526
256.24,-10.3746,-2.0892,-73.2260,0.7430
257.14,-10.4729,-2.0649,-73.0668,0.7334
258.04,-10.5716,-2.0409,-72.8837,0.7239
258.95,-10.6707,-2.0173,-72.6987,0.7143
259.86,-10.7701,-1.9940,-72.5136,0.7047
260.77,-10.8699,-1.9711,-72.3281,0.6951
261.69,-10.9700,-1.9485,-72.1425,0.6855
262.60,-11.0705,-1.9262,-71.9566,0.6759
263.53,-11.1712,-1.9042,-71.7706,0.6663
264.45,-11.2724,-1.8826,-71.5843,0.6567
265.38,-11.3738,-1.8612,-71.3977,0.6472
266.31,-11.4755,-1.8402,-71.2110,0.6377
267.24,-11.5775,-1.8194,-71.0240,0.6282
268.18,-11.6799,-1.7990,-70.8368,0.6187
269.12,-11.7825,-1.7784,-70.6494,0.6096
270.07,-11.8854,-1.7466,-70.4618,0.6093
271.02,-11.9886,-1.7152,-70.2739,0.6090
271.97,-12.0920,-1.6839,-70.0858,0.6090
272.92,-12.1957,-1.6528,-69.9008,0.6090
273.88,-12.2997,-1.6220,-69.7214,0.6092
274.84,-12.4039,-1.5914,-69.5417,0.6096
275.80,-12.5084,-1.5609,-69.3618,0.6101
276.77,-12.6132,-1.5307,-69.1818,0.6107
277.74,-12.7181,-1.5006,-69.0015,0.6116
278.72,-12.8233,-1.4707,-68.8211,0.6126
279.70,-12.9288,-1.4410,-68.6404,0.6137
280.68,-13.0344,-1.4115,-68.4595,0.6150
281.66,-13.1403,-1.3822,-68.2785,0.6165
282.65,-13.2464,-1.3530,-68.0972,0.6182
283.64,-13.3527,-1.3239,-67.9158,0.6200
284.64,-13.4592,-1.2951,-67.7341,0.6220
285.64,-13.5659,-1.2667,-67.5522,0.6239
286.64,-13.6728,-1.2389,-67.3701,0.6257
287.65,-13.7799,-1.2111,-67.1878,0.6276
288.66,-13.8872,-1.1835,-67.0053,0.6298
289.67,-13.9946,-1.1561,-66.7978,0.6321
290.69,-14.1023,-1.1288,-66.5837,0.6346
291.71,-14.2101,-1.1016,-66.3692,0.6373
292.73,-14.3181,-1.0745,-66.1544,0.6401
293.76,-14.4263,-1.0476,-65.9393,0.6432
294.79,-14.5346,-1.0207,-65.7239,0.6464
295.82,-14.6431,-0.9940,-65.5082,0.6498
296.86,-14.7518,-0.9674,-65.2921,0.6534
297.90,-14.8606,-0.9409,-65.0757,0.6572
298.95,-14.9695,-0.9146,-64.8590,0.6611
300.00,-15.0786,-0.8883,-64.6420,0.6653
301.05,-15.1879,-0.8621,-64.4246,0.6696
302.11,-15.2973,-0.8364,-64.2070,0.6738
303.17,-15.4068,-0.8170,-63.9889,0.6729
304.23,-15.5165,-0.7977,-63.7706,0.6722
305.30,-15.6263,-0.7786,-63.5519,0.6716
306.37,-15.7362,-0.7595,-63.3443,0.6711
307.44,-15.8463,-0.7406,-63.1763,0.6708
308.52,-15.9565,-0.7217,-63.0081,0.6706
309.61,-16.0668,-0.7030,-62.8398,0.6705
310.69,-16.1772,-0.6843,-62.6713,0.6706
311.78,-16.2878,-0.6657,-62.5027,0.6708
312.88,-16.3984,-0.6473,-62.3339,0.6712
313.98,-16.5092,-0.6289,-62.1650,0.6717
315.08,-16.6201,-0.6106,-61.9959,0.6723
316.18,-16.7311,-0.5924,-61.8266,0.6731
317.29,-16.8422,-0.5743,-61.6572,0.6740
318.41,-16.9534,-0.5563,-61.4876,0.6751
319.52,-17.0647,-0.5383,-61.3179,0.6762
320.64,-17.1761,-0.5173,-61.1480,0.6803
321.77,-17.2876,-0.4940,-60.9779,0.6867
322.90,-17.3992,-0.4707,-60.8077,0.6932
324.03,-17.5109,-0.4474,-60.6373,0.6998
325.17,-17.6227,-0.4242,-60.4470,0.7067
326.31,-17.7346,-0.4011,-60.2461,0.7137
327.46,-17.8466,-0.3780,-60.0451,0.7209
328.61,-17.9587,-0.3550,-59.8437,0.7283
329.76,-18.0708,-0.3320,-59.6421,0.7358
330.92,-18.1830,-0.3091,-59.4401,0.7436
332.08,-18.2953,-0.2862,-59.2380,0.7514
333.24,-18.4077,-0.2633,-59.0355,0.7595
334.41,-18.5202,-0.2405,-58.8328,0.7677
335.59,-18.6328,-0.2178,-58.6298,0.7761
336.76,-18.7454,-0.1950,-58.4265,0.7846
337.94,-18.8581,-0.1723,-58.2230,0.7933
339.13,-18.9709,-0.1512,-58.0192,0.8007
340.32,-19.0837,-0.1470,-57.8151,0.7932
341.52,-19.1967,-0.1429,-57.6107,0.7858
342.71,-19.3096,-0.1389,-57.4061,0.7784
343.92,-19.4227,-0.1350,-57.2013,0.7710
345.12,-19.5358,-0.1312,-56.9979,0.7637
346.33,-19.6490,-0.1275,-56.7943,0.7565
347.55,-19.7623,-0.1239,-56.5904,0.7493
348.77,-19.8756,-0.1203,-56.3862,0.7421
349.99,-19.9890,-0.1169,-56.1817,0.7350
351.22,-20.1025,-0.1136,-55.9769,0.7280
352.45,-20.2160,-0.1103,-55.7719,0.7210
353.69,-20.3296,-0.1072,-55.5666,0.7140
354.93,-20.4432,-0.1041,-55.3610,0.7071
356.18,-20.5569,-0.1012,-55.1552,0.7003
357.43,-20.6707,-0.0983,-54.9490,0.6934
358.68,-20.7845,-0.0955,-54.7426,0.6867
359.94,-20.8983,-0.0926,-54.5359,0.6801
361.20,-21.0123,-0.0896,-54.3289,0.6737
362.47,-21.1262,-0.0868,-54.1216,0.6674
363.74,-21.2403,-0.0840,-53.9140,0.6611
365.02,-21.3544,-0.0813,-53.7315,0.6548
366.30,-21.4685,-0.0787,-53.5724,0.6485
367.59,-21.5827,-0.0762,-53.4132,0.6423
368.88,-21.6969,-0.0737,-53.2539,0.6360
370.17,-21.8112,-0.0714,-53.0945,0.6298
371.47,-21.9256,-0.0691,-52.9350,0.6237
372.77,-22.0399,-0.0670,-52.7753,0.6175
374.08,-22.1544,-0.0649,-52.6156,0.6114
375.40,-22.2689,-0.0629,-52.4557,0.6053
376.71,-22.3834,-0.0610,-52.2957,0.5993
378.04,-22.4980,-0.0592,-52.1356,0.5933
379.36,-22.6126,-0.0574,-51.9753,0.5873
380.69,-22.7273,-0.0564,-51.8150,0.5808
382.03,-22.8420,-0.0604,-51.6545,0.5696
383.37,-22.9567,-0.0645,-51.4939,0.5585
384.72,-23.0715,-0.0687,-51.3332,0.5474
386.07,-23.1864,-0.0730,-51.1724,0.5363
387.42,-23.3013,-0.0774,-50.9904,0.5252
388.78,-23.4162,-0.0819,-50.8069,0.5141
390.14,-23.5312,-0.0866,-50.6232,0.5030
391.51,-23.6462,-0.0913,-50.4393,0.4919
392.89,-23.7612,-0.0961,-50.2552,0.4808
394.27,-23.8763,-0.1011,-50.0710,0.4697
395.65,-23.9914,-0.1061,-49.8865,0.4586
397.04,-24.1066,-0.1113,-49.7018,0.4475
398.43,-24.2218,-0.1166,-49.5170,0.4363
399.83,-24.3371,-0.1220,-49.3319,0.4252
401.23,-24.4524,-0.1274,-49.1466,0.4140
402.64,-24.5677,-0.1330,-48.9611,0.4028
404.05,-24.6831,-0.1383,-48.7755,0.3920
405.47,-24.7985,-0.1434,-48.5896,0.3815
406.90,-24.9139,-0.1486,-48.4035,0.3709
408.32,-25.0294,-0.1539,-48.2172,0.3604
409.76,-25.1449,-0.1593,-48.0482,0.3497
411.19,-25.2604,-0.1649,-47.9082,0.3389
412.64,-25.3760,-0.1705,-47.7682,0.3281
414.09,-25.4916,-0.1763,-47.6281,0.3173
415.54,-25.6073,-0.1821,-47.4880,0.3065
417.00,-25.7230,-0.1881,-47.3479,0.2956
418.46,-25.8387,-0.1941,-47.2077,0.2847
419.93,-25.9544,-0.2003,-47.0675,0.2737
421.40,-26.0702,-0.2066,-46.9272,0.2627
422.88,-26.1860,-0.2130,-46.7869,0.2517
424.37,-26.3019,-0.2195,-46.6466,0.2407
425.86,-26.4178,-0.2262,-46.5062,0.2296
427.35,-26.5337,-0.2336,-46.3658,0.2179
428.85,-26.6497,-0.2457,-46.2254,0.2018
430.35,-26.7656,-0.2579,-46.0849,0.1856
431.86,-26.8817,-0.2702,-45.9444,0.1694
433.38,-26.9977,-0.2826,-45.8038,0.1532
434.90,-27.1138,-0.2952,-45.6420,0.1369
436.43,-27.2299,-0.3079,-45.4749,0.1207
437.96,-27.3460,-0.3208,-45.3077,0.1044
439.50,-27.4622,-0.3338,-45.1403,0.0880
441.04,-27.5784,-0.3469,-44.9729,0.0716
442.59,-27.6946,-0.3602,-44.8052,0.0551
444.14,-27.8109,-0.3736,-44.6375,0.0386
445.70,-27.9272,-0.3871,-44.4696,0.0219
447.26,-28.0435,-0.4008,-44.3016,0.0053
448.83,-28.1599,-0.4146,-44.1335,-0.0115
450.41,-28.2763,-0.4286,-43.9652,-0.0283
451.99,-28.3927,-0.4427,-43.7968,-0.0451
453.57,-28.5091,-0.4525,-43.6283,-0.0578
455.17,-28.6256,-0.4599,-43.4597,-0.0681
456.76,-28.7421,-0.4674,-43.2909,-0.0785
458.37,-28.8586,-0.4751,-43.1220,-0.0889
459.97,-28.9751,-0.4829,-42.9512,-0.0993
461.59,-29.0917,-0.4907,-42.7750,-0.1098
463.21,-29.2083,-0.4988,-42.5986,-0.1203
464.83,-29.3250,-0.5069,-42.4220,-0.1308
466.47,-29.4416,-0.5152,-42.2453,-0.1414
468.10,-29.5583,-0.5236,-42.0684,-0.1520
469.75,-29.6750,-0.5321,-41.8914,-0.1626
471.39,-29.7918,-0.5407,-41.7142,-0.1733
473.05,-29.9086,-0.5495,-41.5369,-0.1840
474.71,-30.0254,-0.5584,-41.3594,-0.1948
476.37,-30.1422,-0.5674,-41.1817,-0.2056
478.05,-30.2590,-0.5765,-41.0039,-0.2165
479.72,-30.3759,-0.5811,-40.8260,-0.2229
481.41,-30.4928,-0.5602,-40.6478,-0.2048
483.10,-30.6098,-0.5394,-40.4696,-0.1867
484.79,-30.7267,-0.5187,-40.2912,-0.1685
486.49,-30.8437,-0.4979,-40.1126,-0.1502
488.20,-30.9607,-0.4772,-39.9209,-0.1318
489.91,-31.0777,-0.4565,-39.7225,-0.1132
491.63,-31.1948,-0.4359,-39.5239,-0.0945
493.36,-31.3119,-0.4152,-39.3251,-0.0757
495.09,-31.4290,-0.3946,-39.1261,-0.0569
496.83,-31.5461,-0.3740,-38.9268,-0.0380
498.57,-31.6633,-0.3535,-38.7274,-0.0190
500.32,-31.7805,-0.3330,-38.5277,0.0000
502.08,-31.8977,-0.3125,-38.3277,0.0191
503.84,-32.0149,-0.2920,-38.1276,0.0383
505.61,-32.1322,-0.2716,-37.9272,0.0576
507.38,-32.2495,-0.2512,-37.7266,0.0769
509.16,-32.3668,-0.2355,-37.5258,0.0918
510.95,-32.4841,-0.2222,-37.3247,0.1046
512.74,-32.6014,-0.2089,-37.1235,0.1174
514.54,-32.7188,-0.1956,-36.9220,0.1302
516.35,-32.8362,-0.1825,-36.7247,0.1431
518.16,-32.9536,-0.1693,-36.5688,0.1553
519.98,-33.0711,-0.1563,-36.4127,0.1676
521.80,-33.1886,-0.1433,-36.2566,0.1799
523.63,-33.3061,-0.1304,-36.1004,0.1922
525.47,-33.4236,-0.1175,-35.9442,0.2046
527.32,-33.5411,-0.1047,-35.7879,0.2169
529.17,-33.6587,-0.0920,-35.6315,0.2293
531.02,-33.7763,-0.0793,-35.4751,0.2417
532.89,-33.8939,-0.0668,-35.3186,0.2541
534.76,-34.0115,-0.0542,-35.1621,0.2665
536.63,-34.1292,-0.0418,-35.0055,0.2789
538.52,-34.2468,-0.0306,-34.8488,0.2902
540.41,-34.3645,-0.0249,-34.6921,0.2962
542.30,-34.4823,-0.0193,-34.5353,0.3023
544.21,-34.6000,-0.0138,-34.3785,0.3083
546.12,-34.7178,-0.0084,-34.2216,0.3144
548.03,-34.8355,-0.0031,-34.0625,0.3204
549.96,-34.9534,0.0021,-33.9014,0.3265
551.89,-35.0712,0.0073,-33.7403,0.3326
553.82,-35.1890,0.0123,-33.5791,0.3386
555.77,-35.3069,0.0172,-33.4178,0.3447
557.72,-35.4248,0.0220,-33.2565,0.3507
559.67,-35.5427,0.0267,-33.0950,0.3567
561.64,-35.6606,0.0313,-32.9336,0.3627
563.61,-35.7786,0.0358,-32.7720,0.3687
565.59,-35.8966,0.0401,-32.6104,0.3747
567.57,-36.0146,0.0444,-32.4488,0.3807
569.56,-36.1326,0.0486,-32.2870,0.3866
571.56,-36.2506,0.0483,-32.1252,0.3884
573.57,-36.3687,0.0460,-31.9634,0.3883
575.58,-36.4868,0.0435,-31.8015,0.3882
577.60,-36.6049,0.0409,-31.6395,0.3880
579.63,-36.7230,0.0381,-31.4774,0.3878
581.66,-36.8411,0.0352,-31.3129,0.3876
583.70,-36.9593,0.0322,-31.1482,0.3874
585.75,-37.0775,0.0291,-30.9835,0.3872
587.81,-37.1957,0.0257,-30.8187,0.3870
589.87,-37.3139,0.0223,-30.6538,0.3867
591.94,-37.4321,0.0187,-30.4888,0.3864
594.02,-37.5504,0.0149,-30.3238,0.3860
596.10,-37.6687,0.0110,-30.1587,0.3856
598.20,-37.7870,0.0070,-29.9936,0.3853
600.30,-37.9053,0.0028,-29.8284,0.3848
602.40,-38.0236,-0.0016,-29.6631,0.3844
604.52,-38.1420,-0.0085,-29.4978,0.3816
606.64,-38.2604,-0.0250,-29.3324,0.3698
608.77,-38.3788,-0.0417,-29.1670,0.3579
610.90,-38.4972,-0.0586,-29.0015,0.3460
613.05,-38.6156,-0.0756,-28.8360,0.3341
615.20,-38.7341,-0.0929,-28.6800,0.3218
617.36,-38.8525,-0.1104,-28.5392,0.3088
619.52,-38.9710,-0.1281,-28.3985,0.2958
621.70,-39.0895,-0.1460,-28.2577,0.2827
623.88,-39.2081,-0.1642,-28.1171,0.2695
626.07,-39.3266,-0.1825,-27.9764,0.2562
628.27,-39.4452,-0.2011,-27.8358,0.2428
630.47,-39.5637,-0.2198,-27.6952,0.2294
632.68,-39.6823,-0.2388,-27.5547,0.2158
634.90,-39.8010,-0.2580,-27.4142,0.2022
637.13,-39.9196,-0.2774,-27.2738,0.1885
639.37,-40.0382,-0.2971,-27.1334,0.1747
641.61,-40.1569,-0.3080,-26.9931,0.1693
643.86,-40.2756,-0.3156,-26.8528,0.1672
646.12,-40.3943,-0.3233,-26.7125,0.1651
648.39,-40.5130,-0.3313,-26.5723,0.1629
650.67,-40.6318,-0.3394,-26.4322,0.1606
652.95,-40.7505,-0.3477,-26.2897,0.1584
655.24,-40.8693,-0.3562,-26.1468,0.1562
657.54,-40.9881,-0.3649,-26.0039,0.1539
659.85,-41.1069,-0.3738,-25.8610,0.1516
662.16,-41.2257,-0.3829,-25.7182,0.1492
664.49,-41.3446,-0.3922,-25.5755,0.1468
666.82,-41.4634,-0.4017,-25.4328,0.1443
669.16,-41.5823,-0.4114,-25.2902,0.1418
671.51,-41.7012,-0.4213,-25.1476,0.1392
673.86,-41.8201,-0.4314,-25.0050,0.1366
676.23,-41.9390,-0.4417,-24.8626,0.1340
678.60,-42.0580,-0.4509,-24.7202,0.1325
680.98,-42.1769,-0.4558,-24.5778,0.1353
683.37,-42.2959,-0.4608,-24.4355,0.1380
685.77,-42.4149,-0.4660,-24.2933,0.1407
688.18,-42.5339,-0.4714,-24.1511,0.1434
690.59,-42.6529,-0.4771,-23.9984,0.1467
693.02,-42.7719,-0.4829,-23.8138,0.1520
695.45,-42.8910,-0.4889,-23.6291,0.1574
697.89,-43.0101,-0.4951,-23.4444,0.1628
700.34,-43.1292,-0.5016,-23.2595,0.1684
702.80,-43.2483,-0.5082,-23.0746,0.1740
705.26,-43.3674,-0.5151,-22.8896,0.1797
707.74,-43.4865,-0.5221,-22.7046,0.1856
710.22,-43.6057,-0.5294,-22.5194,0.1915
712.72,-43.7248,-0.5369,-22.3342,0.1975
715.22,-43.8440,-0.5447,-22.1489,0.2037
717.73,-43.9632,-0.5526,-21.9636,0.2099
720.25,-44.0824,-0.5654,-21.7782,0.2121
722.77,-44.2016,-0.5800,-21.5927,0.2129
725.31,-44.3209,-0.5949,-21.4072,0.2138
727.86,-44.4401,-0.6101,-21.2215,0.2149
730.41,-44.5594,-0.6255,-21.0359,0.2161
732.97,-44.6787,-0.6412,-20.8717,0.2156
735.55,-44.7980,-0.6571,-20.7177,0.2142
738.13,-44.9173,-0.6732,-20.5638,0.2129
740.72,-45.0366,-0.6897,-20.4099,0.2116
743.32,-45.1559,-0.7064,-20.2561,0.2103
745.92,-45.2753,-0.7234,-20.1024,0.2091
748.54,-45.3947,-0.7406,-19.9487,0.2080
751.17,-45.5140,-0.7581,-19.7950,0.2069
753.81,-45.6334,-0.7759,-19.6415,0.2059
756.45,-45.7529,-0.7939,-19.4880,0.2050
759.11,-45.8723,-0.8122,-19.3345,0.2041
761.77,-45.9917,-0.8339,-19.1811,0.2006
764.44,-46.1112,-0.8646,-19.0278,0.1894
767.13,-46.2306,-0.8956,-18.8745,0.1783
769.82,-46.3501,-0.9269,-18.7214,0.1673
772.52,-46.4696,-0.9586,-18.5683,0.1565
775.23,-46.5891,-0.9906,-18.4175,0.1454
777.95,-46.7086,-1.0230,-18.2859,0.1322
780.68,-46.8282,-1.0556,-18.1544,0.1190
783.42,-46.9477,-1.0887,-18.0230,0.1058
786.17,-47.0673,-1.1220,-17.8918,0.0926
788.93,-47.1869,-1.1557,-17.7608,0.0795
791.70,-47.3064,-1.1898,-17.6299,0.0664
794.48,-47.4260,-1.2242,-17.4992,0.0533
797.27,-47.5457,-1.2589,-17.3687,0.0403
800.06,-47.6653,-1.2940,-17.2383,0.0274
802.87,-47.7849,-1.3295,-17.1081,0.0144
805.69,-47.9046,-1.3653,-16.9780,0.0016
808.52,-48.0242,-1.3829,-16.8481,0.0046
811.35,-48.1439,-1.3950,-16.7184,0.0126
814.20,-48.2636,-1.4075,-16.5889,0.0206
817.06,-48.3833,-1.4202,-16.4595,0.0286
819.93,-48.5030,-1.4332,-16.3303,0.0366
822.80,-48.6227,-1.4465,-16.2115,0.0431
825.69,-48.7425,-1.4601,-16.1018,0.0482
828.59,-48.8622,-1.4739,-15.9923,0.0533
831.50,-48.9820,-1.4881,-15.8830,0.0584
834.41,-49.1018,-1.5025,-15.7740,0.0634
837.34,-49.2216,-1.5173,-15.6653,0.0683
840.28,-49.3414,-1.5323,-15.5568,0.0732
843.23,-49.4612,-1.5477,-15.4486,0.0781
846.19,-49.5810,-1.5633,-15.3406,0.0829
849.16,-49.7008,-1.5793,-15.2329,0.0877
852.14,-49.8207,-1.5955,-15.1254,0.0924
855.13,-49.9405,-1.6156,-15.0182,0.0943
858.13,-50.0604,-1.6449,-14.9113,0.0887
861.14,-50.1803,-1.6747,-14.8046,0.0831
864.16,-50.3002,-1.7048,-14.6982,0.0775
867.20,-50.4201,-1.7353,-14.5921,0.0718
870.24,-50.5400,-1.7661,-14.4862,0.0662
873.29,-50.6599,-1.7973,-14.3907,0.0586
876.36,-50.7799,-1.8288,-14.2959,0.0509
879.43,-50.8998,-1.8607,-14.2013,0.0431
882.52,-51.0198,-1.8930,-14.1071,0.0352
885.62,-51.1398,-1.9257,-14.0132,0.0273
888.73,-51.2597,-1.9587,-13.9195,0.0194
891.85,-51.3797,-1.9921,-13.8262,0.0113
894.98,-51.4997,-2.0259,-13.7333,0.0032
898.12,-51.6198,-2.0601,-13.6406,-0.0049
901.27,-51.7398,-2.0946,-13.5483,-0.0131
904.43,-51.8598,-2.1296,-13.4563,-0.0214
907.60,-51.9799,-2.1742,-13.3646,-0.0370
910.79,-52.0999,-2.2217,-13.2732,-0.0546
913.99,-52.2200,-2.2697,-13.1822,-0.0722
917.19,-52.3401,-2.3181,-13.0915,-0.0899
920.41,-52.4602,-2.3669,-13.0011,-0.1075
923.64,-52.5803,-2.4162,-12.9204,-0.1273
926.88,-52.7004,-2.4659,-12.8541,-0.1505
930.14,-52.8205,-2.5160,-12.7882,-0.1737
933.40,-52.9406,-2.5666,-12.7227,-0.1972
936.68,-53.0608,-2.6176,-12.6576,-0.2208
939.96,-53.1809,-2.6691,-12.5930,-0.2445
943.26,-53.3011,-2.7210,-12.5287,-0.2684
946.57,-53.4212,-2.7734,-12.4649,-0.2925
949.90,-53.5414,-2.8262,-12.4015,-0.3167
953.23,-53.6616,-2.8795,-12.3385,-0.3410
956.57,-53.7818,-2.9332,-12.2759,-0.3655
959.93,-53.9020,-2.9943,-12.2138,-0.3953
963.30,-54.0222,-3.0718,-12.1521,-0.4370
966.68,-54.1425,-3.1499,-12.0908,-0.4788
970.07,-54.2627,-3.2286,-12.0299,-0.5207
973.48,-54.3829,-3.3078,-11.9695,-0.5626
976.89,-54.5032,-3.3875,-11.9095,-0.6046
980.32,-54.6235,-3.4678,-11.8462,-0.6457
983.76,-54.7437,-3.5486,-11.7826,-0.6865
987.21,-54.8640,-3.6300,-11.7194,-0.7274
990.68,-54.9843,-3.7119,-11.6566,-0.7684
994.16,-55.1046,-3.7944,-11.5942,-0.8093
997.65,-55.2249,-3.8774,-11.5322,-0.8503
1001.15,-55.3452,-3.9610,-11.4706,-0.8912
1004.66,-55.4656,-4.0451,-11.4094,-0.9322
1008.19,-55.5859,-4.1298,-11.3487,-0.9732
1011.72,-55.7063,-4.2150,-11.2883,-1.0141
1015.27,-55.8266,-4.3009,-11.2284,-1.0551
1018.84,-55.9470,-4.3040,-11.1689,-1.0389
1022.41,-56.0674,-4.2882,-11.1097,-1.0099
1026.00,-56.1877,-4.2726,-11.0510,-0.9810
1029.60,-56.3081,-4.2572,-10.9927,-0.9524
1033.21,-56.4285,-4.2420,-10.9348,-0.9239
1036.84,-56.5489,-4.2271,-10.8755,-0.8952
1040.48,-56.6694,-4.2123,-10.8118,-0.8651
1044.13,-56.7898,-4.1977,-10.7485,-0.8352
1047.80,-56.9102,-4.1834,-10.6855,-0.8055
1051.47,-57.0307,-4.1692,-10.6229,-0.7760
1055.16,-57.1511,-4.1552,-10.5607,-0.7467
1058.87,-57.2716,-4.1415,-10.4989,-0.7175
1062.58,-57.3920,-4.1279,-10.4374,-0.6886
1066.31,-57.5125,-4.1146,-10.3762,-0.6599
1070.05,-57.6330,-4.1014,-10.3155,-0.6313
1073.81,-57.7535,-4.0884,-10.2550,-0.6029
1077.58,-57.8740,-4.0903,-10.1950,-0.5846
1081.36,-57.9945,-4.1230,-10.1353,-0.5867
1085.15,-58.1150,-4.1560,-10.0759,-0.5889
1088.96,-58.2355,-4.1894,-10.0169,-0.5913
1092.78,-58.3560,-4.2231,-9.9582,-0.5939
1096.62,-58.4766,-4.2572,-9.8999,-0.5965
1100.47,-58.5971,-4.2917,-9.8457,-0.6006
1104.33,-58.7177,-4.3265,-9.7935,-0.6054
1108.20,-58.8382,-4.3616,-9.7417,-0.6104
1112.09,-58.9588,-4.3972,-9.6903,-0.6155
1116.00,-59.0794,-4.4330,-9.6391,-0.6208
1119.91,-59.2000,-4.4692,-9.5884,-0.6262
1123.84,-59.3206,-4.5058,-9.5379,-0.6317
1127.79,-59.4412,-4.5427,-9.4878,-0.6374
1131.74,-59.5618,-4.5800,-9.4379,-0.6432
1135.72,-59.6824,-4.6176,-9.3884,-0.6492
1139.70,-59.8030,-4.6556,-9.3392,-0.6553
1143.70,-59.9236,-4.7100,-9.2903,-0.6716
1147.72,-60.0442,-4.7678,-9.2417,-0.6899
1151.74,-60.1649,-4.8261,-9.1934,-0.7082
1155.79,-60.2855,-4.8847,-9.1454,-0.7267
1159.84,-60.4062,-4.9438,-9.0977,-0.7451
1163.91,-60.5269,-5.0033,-9.0487,-0.7631
1168.00,-60.6475,-5.0632,-8.9891,-0.7768
1172.10,-60.7682,-5.1236,-8.9296,-0.7905
1176.21,-60.8889,-5.1843,-8.8704,-0.8041
1180.34,-61.0096,-5.2454,-8.8114,-0.8176
1184.48,-61.1303,-5.3070,-8.7526,-0.8311
1188.64,-61.2510,-5.3689,-8.6940,-0.8444
1192.81,-61.3717,-5.4313,-8.6355,-0.8577
1196.99,-61.4924,-5.4941,-8.5773,-0.8709
1201.19,-61.6131,-5.5573,-8.5192,-0.8840
1205.41,-61.7338,-5.6208,-8.4613,-0.8970
1209.64,-61.8546,-5.6788,-8.4035,-0.9063
1213.89,-61.9753,-5.7258,-8.3459,-0.9091
1218.15,-62.0961,-5.7731,-8.2884,-0.9118
1222.42,-62.2168,-5.8208,-8.2311,-0.9145
1226.71,-62.3376,-5.8688,-8.1738,-0.9171
1231.02,-62.4583,-5.9172,-8.1167,-0.9196
1235.34,-62.5791,-5.9659,-8.0662,-0.9249
1239.67,-62.6999,-6.0149,-8.0211,-0.9325
1244.02,-62.8207,-6.0642,-7.9761,-0.9401
1248.39,-62.9415,-6.1139,-7.9313,-0.9476
1252.77,-63.0623,-6.1639,-7.8866,-0.9552
1257.16,-63.1831,-6.2142,-7.8420,-0.9627
1261.58,-63.3039,-6.2649,-7.7975,-0.9702
1266.00,-63.4247,-6.3159,-7.7531,-0.9776
1270.45,-63.5455,-6.3671,-7.7088,-0.9850
1274.91,-63.6664,-6.4187,-7.6646,-0.9924
1279.38,-63.7872,-6.4707,-7.6205,-0.9997
1283.87,-63.9080,-6.5241,-7.5765,-1.0076
1288.38,-64.0289,-6.5781,-7.5326,-1.0155
1292.90,-64.1497,-6.6323,-7.4887,-1.0233
1297.43,-64.2706,-6.6869,-7.4449,-1.0311
1301.99,-64.3915,-6.7418,-7.4012,-1.0387
1306.56,-64.5123,-6.7970,-7.3575,-1.0463
1311.14,-64.6332,-6.8525,-7.2959,-1.0450
1315.74,-64.7541,-6.9083,-7.2340,-1.0433
1320.36,-64.8750,-6.9644,-7.1720,-1.0414
1324.99,-64.9959,-7.0208,-7.1101,-1.0392
1329.64,-65.1167,-7.0775,-7.0481,-1.0367
1334.31,-65.2377,-7.1345,-6.9861,-1.0340
1338.99,-65.3586,-7.1918,-6.9241,-1.0310
1343.69,-65.4795,-7.2493,-6.8620,-1.0277
1348.41,-65.6004,-7.3072,-6.8000,-1.0242
1353.14,-65.7213,-7.3654,-6.7379,-1.0203
1357.89,-65.8422,-7.4309,-6.6759,-1.0196
1362.65,-65.9632,-7.5088,-6.6138,-1.0243
1367.44,-66.0841,-7.5870,-6.5517,-1.0285
1372.24,-66.2051,-7.6655,-6.4897,-1.0323
1377.05,-66.3260,-7.7444,-6.4276,-1.0357
1381.88,-66.4470,-7.8236,-6.3655,-1.0388
1386.73,-66.5679,-7.9032,-6.3158,-1.0481
1391.60,-66.6889,-7.9831,-6.2835,-1.0666
1396.48,-66.8099,-8.0633,-6.2514,-1.0851
1401.38,-66.9308,-8.1438,-6.2194,-1.1034
1406.30,-67.0518,-8.2247,-6.1876,-1.1216
1411.24,-67.1728,-8.3059,-6.1560,-1.1397
1416.19,-67.2938,-8.3875,-6.1245,-1.1576
1421.16,-67.4148,-8.4693,-6.0933,-1.1755
1426.15,-67.5358,-8.5515,-6.0622,-1.1932
1431.15,-67.6568,-8.6340,-6.0314,-1.2108
1436.18,-67.7778,-8.7168,-6.0008,-1.2283
1441.22,-67.8988,-8.8002,-5.9704,-1.2459
1446.27,-68.0198,-8.8840,-5.9403,-1.2634
1451.35,-68.1408,-8.9681,-5.9105,-1.2809
1456.44,-68.2619,-9.0525,-5.8809,-1.2982
1461.55,-68.3829,-9.1372,-5.8517,-1.3155
1466.68,-68.5039,-9.2221,-5.8228,-1.3328
1471.83,-68.6250,-9.3074,-5.7732,-1.3375
1477.00,-68.7460,-9.3930,-5.7201,-1.3395
1482.18,-68.8671,-9.4789,-5.6672,-1.3413
1487.38,-68.9881,-9.5651,-5.6146,-1.3429
1492.60,-69.1092,-9.6516,-5.5623,-1.3443
1497.84,-69.2303,-9.7383,-5.5103,-1.3455
1503.10,-69.3513,-9.8253,-5.4588,-1.3464
1508.37,-69.4724,-9.9127,-5.4075,-1.3472
1513.66,-69.5935,-10.0003,-5.3567,-1.3478
1518.98,-69.7146,-10.0881,-5.3062,-1.3483
1524.31,-69.8356,-10.1811,-5.2562,-1.3503
1529.66,-69.9567,-10.2817,-5.2066,-1.3548
1535.02,-70.0778,-10.3826,-5.1574,-1.3591
1540.41,-70.1989,-10.4838,-5.1087,-1.3632
1545.82,-70.3200,-10.5853,-5.0605,-1.3671
1551.24,-70.4411,-10.6872,-5.0127,-1.3709
1556.69,-70.5622,-10.7893,-4.9638,-1.3735
1562.15,-70.6834,-10.8917,-4.9112,-1.3730
1567.63,-70.8045,-10.9945,-4.8591,-1.3724
1573.13,-70.9256,-11.0975,-4.8074,-1.3716
1578.65,-71.0467,-11.2008,-4.7563,-1.3706
1584.19,-71.1679,-11.3044,-4.7057,-1.3695
1589.75,-71.2890,-11.4084,-4.6556,-1.3683
1595.33,-71.4101,-11.5125,-4.6061,-1.3669
1600.93,-71.5313,-11.6170,-4.5572,-1.3654
1606.55,-71.6524,-11.7218,-4.5087,-1.3638
1612.19,-71.7736,-11.8268,-4.4609,-1.3621
1617.85,-71.8947,-11.9265,-4.4136,-1.3587
1623.52,-72.0159,-12.0258,-4.3669,-1.3550
1629.22,-72.1370,-12.1254,-4.3207,-1.3513
1634.94,-72.2582,-12.2252,-4.2751,-1.3476
1640.68,-72.3794,-12.3253,-4.2301,-1.3439
1646.43,-72.5006,-12.4256,-4.1857,-1.3401
1652.21,-72.6217,-12.5262,-4.1664,-1.3542
1658.01,-72.7429,-12.6270,-4.1583,-1.3760
1663.83,-72.8641,-12.7280,-4.1508,-1.3981
1669.67,-72.9853,-12.8293,-4.1440,-1.4206
1675.53,-73.1065,-12.9308,-4.1379,-1.4433
1681.41,-73.2277,-13.0326,-4.1325,-1.4664
1687.31,-73.3489,-13.1345,-4.1278,-1.4897
1693.23,-73.4701,-13.2367,-4.1237,-1.5134
1699.17,-73.5913,-13.3392,-4.1204,-1.5374
1705.14,-73.7125,-13.4418,-4.1178,-1.5617
1711.12,-73.8337,-13.5373,-4.1158,-1.5845
1717.13,-73.9549,-13.6226,-4.1145,-1.6050
1723.15,-74.0761,-13.7081,-4.1138,-1.6259
1729.20,-74.1974,-13.7938,-4.1139,-1.6472
1735.27,-74.3186,-13.8796,-4.1145,-1.6689
1741.36,-74.4398,-13.9656,-4.1159,-1.6909
1747.47,-74.5610,-14.0517,-4.1145,-1.7108
1753.60,-74.6823,-14.1380,-4.0925,-1.7148
1759.75,-74.8035,-14.2243,-4.0710,-1.7191
1765.93,-74.9248,-14.3109,-4.0501,-1.7235
1772.13,-75.0460,-14.3976,-4.0296,-1.7281
1778.35,-75.1672,-14.4844,-4.0097,-1.7330
1784.59,-75.2885,-14.5713,-3.9903,-1.7380
1790.85,-75.4098,-14.6584,-3.9715,-1.7432
1797.14,-75.5310,-14.7455,-3.9531,-1.7486
1803.44,-75.6523,-14.8329,-3.9352,-1.7542
1809.77,-75.7735,-14.9203,-3.9177,-1.7599
1816.12,-75.8948,-15.0199,-3.9008,-1.7685
1822.50,-76.0161,-15.1204,-3.8843,-1.7773
1828.89,-76.1373,-15.2212,-3.8683,-1.7863
1835.31,-76.2586,-15.3221,-3.8527,-1.7955
1841.75,-76.3799,-15.4231,-3.8376,-1.8047
1848.22,-76.5012,-15.5243,-3.8229,-1.8141
1854.70,-76.6225,-15.6257,-3.8150,-1.8286
1861.21,-76.7438,-15.7272,-3.8126,-1.8473
1867.74,-76.8651,-15.8289,-3.8106,-1.8662
1874.30,-76.9863,-15.9307,-3.8090,-1.8853
1880.87,-77.1076,-16.0327,-3.8079,-1.9046
1887.48,-77.2289,-16.1348,-3.8072,-1.9240
1894.10,-77.3502,-16.2370,-3.8069,-1.9436
1900.75,-77.4715,-16.3394,-3.8071,-1.9634
1907.42,-77.5929,-16.4419,-3.8076,-1.9834
1914.11,-77.7142,-16.5446,-3.8085,-2.0035
1920.83,-77.8355,-16.6475,-3.8099,-2.0238
1927.57,-77.9568,-16.7508,-3.8116,-2.0443
1934.33,-78.0781,-16.8542,-3.8137,-2.0650
1941.12,-78.1994,-16.9578,-3.8162,-2.0858
1947.93,-78.3208,-17.0614,-3.8190,-2.1068
1954.77,-78.4421,-17.1652,-3.8222,-2.1279
1961.63,-78.5634,-17.2692,-3.8257,-2.1491
1968.52,-78.6848,-17.3732,-3.8046,-2.1499
1975.42,-78.8061,-17.4774,-3.7836,-2.1505
1982.36,-78.9274,-17.5817,-3.7629,-2.1510
1989.31,-79.0488,-17.6861,-3.7424,-2.1516
1996.29,-79.1701,-17.7906,-3.7222,-2.1521
2003.30,-79.2915,-17.8952,-3.7021,-2.1525
2010.33,-79.4128,-18.0000,-3.6823,-2.1530
2017.39,-79.5342,-18.1048,-3.6627,-2.1533
2024.47,-79.6555,-18.2098,-3.6433,-2.1537
2031.57,-79.7769,-18.3149,-3.6242,-2.1540
2038.70,-79.8982,-18.4261,-3.6052,-2.1552
2045.85,-80.0196,-18.5377,-3.5864,-2.1563
2053.03,-80.1409,-18.6494,-3.5678,-2.1574
2060.24,-80.2623,-18.7612,-3.5495,-2.1584
2067.47,-80.3837,-18.8731,-3.5312,-2.1593
2074.73,-80.5050,-18.9852,-3.5132,-2.1602
2082.01,-80.6264,-19.0974,-3.4985,-2.1637
2089.31,-80.7478,-19.2097,-3.4883,-2.1708
2096.65,-80.8692,-19.3221,-3.4782,-2.1779
2104.00,-80.9906,-19.4346,-3.4684,-2.1849
2111.39,-81.1119,-19.5473,-3.4587,-2.1919
2118.80,-81.2333,-19.6601,-3.4492,-2.1989
2126.23,-81.3547,-19.7729,-3.4399,-2.2059
2133.69,-81.4761,-19.8859,-3.4307,-2.2128
2141.18,-81.5975,-19.9990,-3.4217,-2.2197
2148.70,-81.7189,-20.1122,-3.4129,-2.2266
2156.24,-81.8403,-20.2339,-3.4043,-2.2344
2163.80,-81.9617,-20.3650,-3.3958,-2.2434
2171.40,-82.0831,-20.4963,-3.3874,-2.2523
2179.02,-82.2045,-20.6278,-3.3792,-2.2611
2186.67,-82.3259,-20.7595,-3.3712,-2.2698
2194.34,-82.4473,-20.8913,-3.3633,-2.2785
2202.04,-82.5687,-21.0233,-3.3556,-2.2870
2209.77,-82.6901,-21.1554,-3.3178,-2.2687
2217.52,-82.8115,-21.2877,-3.2750,-2.2456
2225.31,-82.9329,-21.4202,-3.2321,-2.2222
2233.12,-83.0543,-21.5528,-3.1893,-2.1985
2240.95,-83.1758,-21.6856,-3.1465,-2.1744
2248.82,-83.2972,-21.8185,-3.1037,-2.1501
2256.71,-83.4186,-21.9516,-3.0609,-2.1254
2264.63,-83.5400,-22.0848,-3.0181,-2.1004
2272.58,-83.6615,-22.2182,-2.9752,-2.0750
2280.55,-83.7829,-22.3518,-2.9324,-2.0494
2288.56,-83.9043,-22.4845,-2.8896,-2.0234
2296.59,-84.0258,-22.6173,-2.8467,-1.9970
2304.65,-84.1472,-22.7502,-2.8038,-1.9704
2312.73,-84.2686,-22.8833,-2.7609,-1.9435
2320.85,-84.3901,-23.0165,-2.7180,-1.9162
2329.00,-84.5115,-23.1499,-2.6751,-1.8887
2337.17,-84.6329,-23.2834,-2.6358,-1.8643
2345.37,-84.7544,-23.4171,-2.6061,-1.8483
2353.60,-84.8758,-23.5509,-2.5763,-1.8321
2361.86,-84.9973,-23.6849,-2.5466,-1.8157
2370.15,-85.1187,-23.8190,-2.5169,-1.7991
2378.47,-85.2402,-23.9532,-2.4872,-1.7822
2386.82,-85.3616,-24.0876,-2.4575,-1.7652
2395.19,-85.4831,-24.2221,-2.4278,-1.7480
2403.60,-85.6046,-24.3567,-2.3981,-1.7305
2412.03,-85.7260,-24.4915,-2.3684,-1.7129
2420.50,-85.8475,-24.6347,-2.3387,-1.6957
2428.99,-85.9689,-24.7864,-2.3090,-1.6788
2437.52,-86.0904,-24.9383,-2.2793,-1.6617
2446.07,-86.2119,-25.0905,-2.2496,-1.6443
2454.66,-86.3333,-25.2428,-2.2198,-1.6267
2463.27,-86.4548,-25.3953,-2.1901,-1.6089
2471.91,-86.5763,-25.5480,-2.1604,-1.5909
2480.59,-86.6977,-25.7009,-2.1526,-1.5932
2489.30,-86.8192,-25.8540,-2.1537,-1.6037
2498.03,-86.9407,-26.0073,-2.1549,-1.6141
2506.80,-87.0622,-26.1608,-2.1561,-1.6245
2515.60,-87.1837,-26.3144,-2.1575,-1.6348
2524.42,-87.3051,-26.4683,-2.1589,-1.6451
2533.28,-87.4266,-26.6223,-2.1605,-1.6553
2542.17,-87.5481,-26.7766,-2.1621,-1.6655
2551.09,-87.6696,-26.9310,-2.1638,-1.6756
2560.05,-87.7911,-27.0855,-2.1656,-1.6857
2569.03,-87.9126,-27.2264,-2.1674,-1.6949
2578.05,-88.0341,-27.3675,-2.1694,-1.7042
2587.10,-88.1555,-27.5086,-2.1714,-1.7135
2596.17,-88.2770,-27.6499,-2.1736,-1.7227
2605.29,-88.3985,-27.7914,-2.1758,-1.7319
2614.43,-88.5200,-27.9330,-2.1780,-1.7410
2623.60,-88.6415,-28.0747,-2.1795,-1.7493
2632.81,-88.7630,-28.2165,-2.1757,-1.7525
2642.05,-88.8845,-28.3585,-2.1720,-1.7556
2651.32,-89.0060,-28.5007,-2.1683,-1.7587
2660.63,-89.1275,-28.6429,-2.1647,-1.7618
2669.96,-89.2490,-28.7853,-2.1611,-1.7648
2679.33,-89.3706,-28.9279,-2.1576,-1.7677
2688.74,-89.4921,-29.0706,-2.1541,-1.7706
2698.17,-89.6136,-29.2134,-2.1507,-1.7734
2707.64,-89.7351,-29.3563,-2.1473,-1.7762
2717.14,-89.8566,-29.4956,-2.1440,-1.7788
2726.68,-89.9781,-29.6315,-2.1407,-1.7812
2736.25,-90.0996,-29.7675,-2.1375,-1.7836
2745.85,-90.2211,-29.9036,-2.1343,-1.7860
2755.49,-90.3427,-30.0398,-2.1312,-1.7883
2765.16,-90.4642,-30.1762,-2.1281,-1.7905
2774.86,-90.5857,-30.3126,-2.1250,-1.7927
2784.60,-90.7072,-30.4491,-2.1153,-1.7884
2794.37,-90.8288,-30.5858,-2.1006,-1.7793
2804.18,-90.9503,-30.7225,-2.0858,-1.7700
2814.02,-91.0718,-30.8594,-2.0711,-1.7606
2823.90,-91.1933,-30.9963,-2.0564,-1.7512
2833.81,-91.3149,-31.1334,-2.0417,-1.7416
2843.75,-91.4364,-31.2705,-2.0269,-1.7320
2853.73,-91.5579,-31.4078,-2.0122,-1.7223
2863.75,-91.6795,-31.5452,-1.9975,-1.7125
2873.80,-91.8010,-31.6821,-1.9827,-1.7027
2883.88,-91.9225,-31.8009,-1.9680,-1.6921
2894.00,-92.0441,-31.9198,-1.9532,-1.6815
2904.16,-92.1656,-32.0387,-1.9385,-1.6708
2914.35,-92.2871,-32.1576,-1.9237,-1.6601
2924.58,-92.4087,-32.2766,-1.9089,-1.6493
2934.84,-92.5302,-32.3956,-1.8942,-1.6384
2945.14,-92.6518,-32.5146,-1.8795,-1.6276
2955.48,-92.7733,-32.6337,-1.8889,-1.6401
2965.85,-92.8949,-32.7528,-1.8984,-1.6527
2976.26,-93.0164,-32.8719,-1.9079,-1.6653
2986.70,-93.1379,-32.9911,-1.9175,-1.6779
2997.19,-93.2595,-33.1103,-1.9272,-1.6905
3007.70,-93.3810,-33.2295,-1.9370,-1.7032
3018.26,-93.5026,-33.3488,-1.9468,-1.7159
3028.85,-93.6242,-33.4681,-1.9567,-1.7287
3039.48,-93.7457,-33.5874,-1.9667,-1.7415
3050.15,-93.8673,-33.6972,-1.9767,-1.7541
3060.85,-93.9888,-33.7988,-1.9868,-1.7665
3071.59,-94.1104,-33.9004,-1.9970,-1.7790
3082.37,-94.2319,-34.0020,-2.0073,-1.7915
3093.19,-94.3535,-34.1036,-2.0176,-1.8040
3104.05,-94.4750,-34.2051,-2.0280,-1.8167
3114.94,-94.5966,-34.3066,-2.0385,-1.8293
3125.87,-94.7182,-34.4080,-2.0436,-1.8367
3136.84,-94.8397,-34.5094,-2.0418,-1.8373
3147.85,-94.9613,-34.6108,-2.0400,-1.8378
3158.90,-95.0829,-34.7121,-2.0382,-1.8384
3169.98,-95.2044,-34.8134,-2.0364,-1.8390
3181.11,-95.3260,-34.9147,-2.0347,-1.8395
3192.27,-95.4476,-35.0159,-2.0329,-1.8401
3203.47,-95.5691,-35.1171,-2.0312,-1.8406
3214.72,-95.6907,-35.2182,-2.0296,-1.8412
3226.00,-95.8123,-35.3178,-2.0279,-1.8417
3237.32,-95.9339,-35.3904,-2.0263,-1.8416
3248.68,-96.0554,-35.4629,-2.0247,-1.8416
3260.08,-96.1770,-35.5352,-2.0231,-1.8415
3271.52,-96.2986,-35.6073,-2.0215,-1.8415
3283.00,-96.4202,-35.6794,-2.0200,-1.8414
3294.53,-96.5417,-35.7513,-2.0185,-1.8414
3306.09,-96.6633,-35.8230,-2.0170,-1.8414
3317.69,-96.7849,-35.8946,-2.0155,-1.8414
3329.33,-96.9065,-35.9660,-2.0140,-1.8413
3341.02,-97.0280,-36.0373,-2.0126,-1.8413
3352.74,-97.1496,-36.1084,-2.0112,-1.8413
3364.51,-97.2712,-36.1794,-2.0098,-1.8413
3376.32,-97.3928,-36.2503,-2.0084,-1.8413
3388.17,-97.5144,-36.3209,-2.0071,-1.8413
3400.06,-97.6360,-36.3915,-2.0057,-1.8414
3411.99,-97.7576,-36.4619,-2.0044,-1.8414
3423.96,-97.8791,-36.5370,-2.0031,-1.8415
3435.98,-98.0007,-36.6158,-2.0018,-1.8417
3448.04,-98.1223,-36.6945,-2.0006,-1.8419
3460.14,-98.2439,-36.7730,-1.9993,-1.8421
3472.28,-98.3655,-36.8514,-1.9981,-1.8423
3484.47,-98.4871,-36.9297,-1.9969,-1.8425
3496.69,-98.6087,-37.0079,-1.9957,-1.8427
3508.97,-98.7303,-37.0859,-1.9931,-1.8415
3521.28,-98.8519,-37.1638,-1.9872,-1.8371
3533.64,-98.9735,-37.2415,-1.9814,-1.8326
3546.04,-99.0951,-37.3192,-1.9755,-1.8282
3558.48,-99.2167,-37.3967,-1.9696,-1.8237
3570.97,-99.3383,-37.4741,-1.9638,-1.8192
3583.50,-99.4599,-37.5513,-1.9579,-1.8147
3596.08,-99.5815,-37.6284,-1.9520,-1.8102
3608.70,-99.7031,-37.7053,-1.9462,-1.8057
3621.36,-99.8247,-37.7855,-1.9403,-1.8012
3634.07,-99.9463,-37.9060,-1.9344,-1.7973
3646.83,-100.0679,-38.0265,-1.9285,-1.7934
3659.63,-100.1895,-38.1470,-1.9226,-1.7894
3672.47,-100.3111,-38.2675,-1.9167,-1.7854
3685.36,-100.4327,-38.3880,-1.9109,-1.7814
3698.29,-100.5543,-38.5086,-1.9050,-1.7774
3711.27,-100.6759,-38.6291,-1.8991,-1.7733
3724.29,-100.7975,-38.7497,-1.9002,-1.7762
3737.36,-100.9191,-38.8703,-1.9040,-1.7816
3750.48,-101.0407,-38.9909,-1.9078,-1.7870
3763.64,-101.1623,-39.1115,-1.9117,-1.7925
3776.85,-101.2839,-39.2322,-1.9155,-1.7979
3790.10,-101.4056,-39.3528,-1.9195,-1.8034
3803.41,-101.5272,-39.4735,-1.9234,-1.8089
3816.75,-101.6488,-39.5941,-1.9274,-1.8144
3830.15,-101.7704,-39.7148,-1.9314,-1.8199
3843.59,-101.8920,-39.8425,-1.9354,-1.8255
3857.08,-102.0136,-39.9750,-1.9394,-1.8311
3870.61,-102.1352,-40.1076,-1.9435,-1.8368
3884.20,-102.2569,-40.2402,-1.9476,-1.8424
3897.83,-102.3785,-40.3729,-1.9518,-1.8481
3911.51,-102.5001,-40.5057,-1.9559,-1.8538
3925.24,-102.6217,-40.6385,-1.9601,-1.8595
3939.01,-102.7433,-40.7713,-1.9588,-1.8598
3952.84,-102.8649,-40.9043,-1.9282,-1.8309
3966.71,-102.9866,-41.0372,-1.8974,-1.8019
3980.63,-103.1082,-41.1703,-1.8665,-1.7728
3994.60,-103.2298,-41.3033,-1.8355,-1.7436
4008.62,-103.3514,-41.4365,-1.8044,-1.7142
4022.68,-103.4731,-41.5697,-1.7732,-1.6847
4036.80,-103.5947,-41.7029,-1.7420,-1.6551
4050.97,-103.7163,-41.8362,-1.7106,-1.6253
4065.19,-103.8379,-41.9695,-1.6791,-1.5955
4079.45,-103.9596,-42.1022,-1.6476,-1.5654
4093.77,-104.0812,-42.2349,-1.6159,-1.5353
4108.14,-104.2028,-42.3677,-1.5841,-1.5050
4122.55,-104.3244,-42.5006,-1.5522,-1.4747
4137.02,-104.4461,-42.6335,-1.5203,-1.4441
4151.54,-104.5677,-42.7664,-1.4882,-1.4135
4166.11,-104.6893,-42.8994,-1.4560,-1.3827
4180.73,-104.8109,-43.0325,-1.4189,-1.3471
4195.40,-104.9326,-43.1656,-1.3784,-1.3079
4210.12,-105.0542,-43.2988,-1.3376,-1.2685
4224.90,-105.1758,-43.4320,-1.2968,-1.2291
4239.73,-105.2975,-43.5653,-1.2558,-1.1894
4254.61,-105.4191,-43.6986,-1.2147,-1.1496
4269.54,-105.5407,-43.8320,-1.1734,-1.1096
4284.52,-105.6624,-43.9654,-1.1320,-1.0695
4299.56,-105.7840,-44.0989,-1.0905,-1.0292
4314.65,-105.9056,-44.2356,-1.0488,-0.9888
4329.79,-106.0273,-44.3744,-1.0070,-0.9482
4344.98,-106.1489,-44.5132,-0.9651,-0.9075
4360.23,-106.2706,-44.6522,-0.9230,-0.8666
4375.53,-106.3922,-44.7912,-0.8808,-0.8255
4390.89,-106.5138,-44.9302,-0.8384,-0.7843
4406.30,-106.6355,-45.0694,-0.7959,-0.7429
4421.76,-106.7571,-45.2086,-0.7544,-0.7025
4437.28,-106.8787,-45.3479,-0.7709,-0.7198
4452.85,-107.0004,-45.4872,-0.7876,-0.7371
4468.48,-107.1220,-45.6267,-0.8043,-0.7545
4484.16,-107.2437,-45.7662,-0.8210,-0.7720
4499.90,-107.3653,-45.9057,-0.8379,-0.7895
4515.69,-107.4870,-46.0454,-0.8548,-0.8071
4531.54,-107.6086,-46.1851,-0.8717,-0.8247
4547.44,-107.7302,-46.3249,-0.8888,-0.8424
4563.40,-107.8519,-46.4646,-0.9059,-0.8601
4579.41,-107.9735,-46.6035,-0.9230,-0.8780
4595.49,-108.0952,-46.7425,-0.9403,-0.8958
4611.61,-108.2168,-46.8815,-0.9576,-0.9137
4627.80,-108.3385,-47.0206,-0.9749,-0.9317
4644.04,-108.4601,-47.1597,-0.9924,-0.9497
4660.34,-108.5818,-47.2989,-1.0099,-0.9678
4676.69,-108.7034,-47.4382,-1.0275,-0.9860
4693.10,-108.8251,-47.5776,-1.0397,-0.9988
4709.57,-108.9467,-47.7170,-1.0452,-1.0049
4726.10,-109.0683,-47.8565,-1.0507,-1.0111
4742.69,-109.1900,-47.9961,-1.0563,-1.0173
4759.33,-109.3116,-48.1357,-1.0619,-1.0235
4776.03,-109.4333,-48.2755,-1.0675,-1.0297
4792.80,-109.5549,-48.4152,-1.0731,-1.0359
4809.61,-109.6766,-48.5551,-1.0788,-1.0421
4826.49,-109.7983,-48.6950,-1.0845,-1.0484
4843.43,-109.9199,-48.8419,-1.0902,-1.0547
4860.43,-110.0416,-48.9927,-1.0960,-1.0610
4877.49,-110.1632,-49.1437,-1.1018,-1.0674
4894.60,-110.2849,-49.2947,-1.1076,-1.0738
4911.78,-110.4065,-49.4459,-1.1134,-1.0801
4929.02,-110.5282,-49.5972,-1.1192,-1.0865
4946.32,-110.6498,-49.7486,-1.1251,-1.0930
4963.68,-110.7715,-49.9001,-1.1310,-1.0994
4981.10,-110.8931,-50.0517,-1.1557,-1.1246
4998.58,-111.0148,-50.2034,-1.1831,-1.1524
5016.12,-111.1364,-50.3553,-1.2106,-1.1803
5033.72,-111.2581,-50.5072,-1.2382,-1.2084
5051.39,-111.3798,-50.6593,-1.2659,-1.2365
5069.12,-111.5014,-50.8114,-1.2937,-1.2647
5086.90,-111.6231,-50.9637,-1.3216,-1.2930
5104.76,-111.7447,-51.1161,-1.3496,-1.3214
5122.67,-111.8664,-51.2684,-1.3777,-1.3499
5140.65,-111.9881,-51.4192,-1.4060,-1.3785
5158.69,-112.1097,-51.5702,-1.4343,-1.4072
5176.79,-112.2314,-51.7213,-1.4627,-1.4360
5194.96,-112.3530,-51.8725,-1.4912,-1.4649
5213.19,-112.4747,-52.0238,-1.5198,-1.4939
5231.49,-112.5964,-52.1752,-1.5486,-1.5230
5249.85,-112.7180,-52.3267,-1.5774,-1.5522
5268.27,-112.8397,-52.4784,-1.5979,-1.5731
5286.76,-112.9613,-52.6301,-1.5994,-1.5750
5305.31,-113.0830,-52.7820,-1.6010,-1.5770
5323.93,-113.2047,-52.9339,-1.6025,-1.5790
5342.62,-113.3263,-53.0860,-1.6041,-1.5809
5361.37,-113.4480,-53.2382,-1.6056,-1.5829
5380.18,-113.5697,-53.3905,-1.6072,-1.5849
5399.06,-113.6913,-53.5429,-1.6088,-1.5868
5418.01,-113.8130,-53.6954,-1.6104,-1.5888
5437.02,-113.9346,-53.8469,-1.6120,-1.5908
5456.11,-114.0563,-53.9979,-1.6136,-1.5928
5475.25,-114.1780,-54.1490,-1.6153,-1.5948
5494.47,-114.2996,-54.3002,-1.6169,-1.5967
5513.75,-114.4213,-54.4515,-1.6185,-1.5987
5533.10,-114.5430,-54.6029,-1.6202,-1.6007
5552.52,-114.6646,-54.7545,-1.6219,-1.6027
5572.01,-114.7863,-54.9061,-1.6235,-1.6047
5591.56,-114.9080,-55.0579,-1.6351,-1.6166
5611.18,-115.0297,-55.2097,-1.6502,-1.6320
5630.87,-115.1513,-55.3617,-1.6654,-1.6475
5650.64,-115.2730,-55.5138,-1.6807,-1.6630
5670.47,-115.3947,-55.6660,-1.6960,-1.6786
5690.37,-115.5163,-55.8183,-1.7113,-1.6942
5710.34,-115.6380,-55.9707,-1.7267,-1.7099
5730.38,-115.7597,-56.1232,-1.7422,-1.7256
5750.49,-115.8813,-56.2725,-1.7577,-1.7414
5770.67,-116.0030,-56.4057,-1.7733,-1.7572
5790.92,-116.1247,-56.5391,-1.7889,-1.7730
5811.24,-116.2464,-56.6724,-1.8046,-1.7889
5831.64,-116.3680,-56.8058,-1.8204,-1.8049
5852.10,-116.4897,-56.9393,-1.8362,-1.8209
5872.64,-116.6114,-57.0728,-1.8521,-1.8370
5893.25,-116.7330,-57.2063,-1.8680,-1.8531
5913.93,-116.8547,-57.3399,-1.8782,-1.8635
5934.69,-116.9764,-57.4736,-1.8598,-1.8454
5955.51,-117.0981,-57.6072,-1.8414,-1.8272
5976.41,-117.2197,-57.7410,-1.8229,-1.8090
5997.39,-117.3414,-57.8747,-1.8043,-1.7907
6018.43,-117.4631,-58.0085,-1.7857,-1.7723
6039.56,-117.5848,-58.1424,-1.7671,-1.7539
6060.75,-117.7064,-58.2763,-1.7483,-1.7354
6082.02,-117.8281,-58.4103,-1.7295,-1.7168
6103.37,-117.9498,-58.5357,-1.7107,-1.6982
6124.79,-118.0715,-58.6572,-1.6918,-1.6794
6146.28,-118.1931,-58.7787,-1.6728,-1.6606
6167.85,-118.3148,-58.9002,-1.6537,-1.6418
6189.50,-118.4365,-59.0217,-1.6346,-1.6229
6211.22,-118.5582,-59.1433,-1.6154,-1.6039
6233.01,-118.6798,-59.2648,-1.5962,-1.5848
6254.89,-118.8015,-59.3863,-1.5768,-1.5657
6276.84,-118.9232,-59.5078,-1.5567,-1.5457
6298.87,-119.0449,-59.6294,-1.5360,-1.5252
6320.97,-119.1666,-59.7509,-1.5152,-1.5046
6343.16,-119.2882,-59.8724,-1.4944,-1.4839
6365.42,-119.4099,-59.9939,-1.4734,-1.4631
6387.76,-119.5316,-60.1155,-1.4525,-1.4423
6410.17,-119.6533,-60.2370,-1.4314,-1.4214
6432.67,-119.7750,-60.3586,-1.4103,-1.4004
6455.24,-119.8966,-60.4836,-1.3890,-1.3794
6477.90,-120.0183,-60.6228,-1.3678,-1.3583
6500.63,-120.1400,-60.7622,-1.3464,-1.3371
6523.45,-120.2617,-60.9015,-1.3250,-1.3159
6546.34,-120.3834,-61.0410,-1.3035,-1.2945
6569.31,-120.5050,-61.1805,-1.2819,-1.2731
6592.37,-120.6267,-61.3201,-1.2603,-1.2516
6615.50,-120.7484,-61.4598,-1.2385,-1.2301
6638.72,-120.8701,-61.5995,-1.2176,-1.2093
6662.02,-120.9918,-61.7392,-1.2252,-1.2170
6685.40,-121.1134,-61.8791,-1.2327,-1.2247
6708.86,-121.2351,-62.0190,-1.2403,-1.2324
6732.40,-121.3568,-62.1590,-1.2480,-1.2401
6756.03,-121.4785,-62.2990,-1.2556,-1.2479
6779.74,-121.6002,-62.4391,-1.2633,-1.2557
6803.53,-121.7219,-62.5793,-1.2710,-1.2635
6827.41,-121.8435,-62.7195,-1.2788,-1.2714
6851.37,-121.9652,-62.8549,-1.2865,-1.2793
6875.42,-122.0869,-62.9883,-1.2943,-1.2872
6899.54,-122.2086,-63.1218,-1.3021,-1.2951
6923.76,-122.3303,-63.2553,-1.3100,-1.3031
6948.06,-122.4520,-63.3888,-1.3179,-1.3110
6972.44,-122.5737,-63.5224,-1.3258,-1.3191
6996.91,-122.6953,-63.6560,-1.3337,-1.3271
7021.46,-122.8170,-63.7897,-1.3417,-1.3352
7046.11,-122.9387,-63.9234,-1.3560,-1.3495
7070.83,-123.0604,-64.0571,-1.3777,-1.3713
7095.65,-123.1821,-64.1909,-1.3994,-1.3931
7120.55,-123.3038,-64.3248,-1.4213,-1.4151
7145.54,-123.4255,-64.4587,-1.4432,-1.4371
7170.62,-123.5471,-64.5926,-1.4652,-1.4592
7195.78,-123.6688,-64.7266,-1.4873,-1.4813
7221.03,-123.7905,-64.8606,-1.5095,-1.5035
7246.37,-123.9122,-64.9945,-1.5317,-1.5259
7271.81,-124.0339,-65.1279,-1.5540,-1.5482
7297.33,-124.1556,-65.2614,-1.5764,-1.5707
7322.93,-124.2773,-65.3949,-1.5989,-1.5933
7348.63,-124.3990,-65.5284,-1.6214,-1.6159
7374.42,-124.5206,-65.6620,-1.6441,-1.6386
7400.30,-124.6423,-65.7956,-1.6668,-1.6614
7426.27,-124.7640,-65.9293,-1.6896,-1.6842
7452.34,-124.8857,-66.0630,-1.7125,-1.7072
7478.49,-125.0074,-66.1967,-1.7097,-1.7045
7504.73,-125.1291,-66.3305,-1.7037,-1.6986
7531.07,-125.2508,-66.4644,-1.6978,-1.6927
7557.50,-125.3725,-66.5983,-1.6918,-1.6868
7584.02,-125.4942,-66.7322,-1.6858,-1.6809
7610.64,-125.6159,-66.8662,-1.6797,-1.6750
7637.35,-125.7375,-67.0002,-1.6737,-1.6690
7664.15,-125.8592,-67.1342,-1.6676,-1.6630
7691.05,-125.9809,-67.2592,-1.6615,-1.6570
7718.04,-126.1026,-67.3808,-1.6554,-1.6509
7745.13,-126.2243,-67.5024,-1.6493,-1.6449
7772.31,-126.3460,-67.6240,-1.6432,-1.6388
7799.58,-126.4677,-67.7457,-1.6370,-1.6327
7826.96,-126.5894,-67.8673,-1.6308,-1.6266
7854.42,-126.7111,-67.9889,-1.6246,-1.6204
7881.99,-126.8328,-68.1105,-1.6184,-1.6142
7909.65,-126.9545,-68.2321,-1.6179,-1.6138
7937.41,-127.0761,-68.3538,-1.6296,-1.6256
7965.26,-127.1978,-68.4754,-1.6413,-1.6374
7993.22,-127.3195,-68.5970,-1.6531,-1.6492
8021.27,-127.4412,-68.7186,-1.6650,-1.6611
8049.42,-127.5629,-68.8403,-1.6768,-1.6730
8077.67,-127.6846,-68.9619,-1.6888,-1.6850
8106.02,-127.8063,-69.0835,-1.7007,-1.6970
8134.46,-127.9280,-69.2066,-1.7127,-1.7091
8163.01,-128.0497,-69.3341,-1.7248,-1.7212
8191.66,-128.1714,-69.4617,-1.7369,-1.7333
8220.41,-128.2931,-69.5893,-1.7490,-1.7455
8249.25,-128.4148,-69.7169,-1.7612,-1.7577
8278.20,-128.5365,-69.8445,-1.7734,-1.7700
8307.26,-128.6582,-69.9721,-1.7857,-1.7823
8336.41,-128.7799,-70.0998,-1.7980,-1.7947
8365.67,-128.9015,-70.2275,-1.8104,-1.8071
8395.02,-129.0232,-70.3552,-1.8090,-1.8057
8424.49,-129.1449,-70.4830,-1.8031,-1.7999
8454.05,-129.2666,-70.6107,-1.7971,-1.7940
8483.72,-129.3883,-70.7385,-1.7912,-1.7881
8513.49,-129.5100,-70.8663,-1.7852,-1.7821
8543.37,-129.6317,-70.9941,-1.7792,-1.7762
8573.35,-129.7534,-71.1220,-1.7731,-1.7702
8603.44,-129.8751,-71.2498,-1.7671,-1.7642
8633.63,-129.9968,-71.4042,-1.7610,-1.7582
8663.93,-130.1185,-71.5673,-1.7550,-1.7521
8694.34,-130.2402,-71.7305,-1.7488,-1.7461
8724.85,-130.3619,-71.8939,-1.7427,-1.7400
8755.47,-130.4836,-72.0574,-1.7366,-1.7339
8786.20,-130.6053,-72.2210,-1.7304,-1.7278
8817.03,-130.7270,-72.3848,-1.7242,-1.7217
8847.97,-130.8487,-72.5488,-1.7180,-1.7155
8879.03,-130.9704,-72.7129,-1.7138,-1.7114
8910.19,-131.0921,-72.8771,-1.7191,-1.7167
8941.46,-131.2138,-73.0415,-1.7244,-1.7220
8972.83,-131.3355,-73.2061,-1.7297,-1.7274
9004.32,-131.4572,-73.3708,-1.7350,-1.7327
9035.92,-131.5789,-73.5356,-1.7403,-1.7381
9067.64,-131.7006,-73.7007,-1.7457,-1.7435
9099.46,-131.8223,-73.8658,-1.7511,-1.7489
9131.39,-131.9440,-74.0463,-1.7565,-1.7543
9163.44,-132.0657,-74.2684,-1.7619,-1.7598
9195.60,-132.1874,-74.4908,-1.7673,-1.7653
9227.87,-132.3090,-74.7136,-1.7728,-1.7708
9260.25,-132.4307,-74.9368,-1.7782,-1.7763
9292.75,-132.5524,-75.1603,-1.7837,-1.7819
9325.36,-132.6741,-75.3841,-1.7892,-1.7874
9358.09,-132.7958,-75.6083,-1.7948,-1.7930
9390.93,-132.9175,-75.8329,-1.8003,-1.7986
9423.89,-133.0392,-76.0578,-1.7956,-1.7939
9456.96,-133.1609,-76.2832,-1.7844,-1.7828
9490.15,-133.2826,-76.5088,-1.7732,-1.7716
9523.45,-133.4043,-76.7349,-1.7619,-1.7604
9556.87,-133.5260,-76.9613,-1.7506,-1.7491
9590.41,-133.6477,-77.1880,-1.7392,-1.7378
9624.07,-133.7694,-77.4152,-1.7278,-1.7264
9657.85,-133.8911,-77.6427,-1.7164,-1.7150
9691.74,-134.0128,-77.8383,-1.7049,-1.7036
9725.75,-134.1345,-78.0250,-1.6934,-1.6921
9759.88,-134.2562,-78.2120,-1.6818,-1.6805
9794.14,-134.3779,-78.3992,-1.6702,-1.6690
9828.51,-134.4996,-78.5867,-1.6586,-1.6574
9863.00,-134.6213,-78.7744,-1.6469,-1.6457
9897.61,-134.7430,-78.9623,-1.6352,-1.6340
9932.35,-134.8647,-79.1504,-1.6234,-1.6223
9967.20,-134.9864,-79.3388,-1.6119,-1.6108
10002.18,-135.1081,-79.5274,-1.6060,-1.6049
10037.29,-135.2298,-79.7163,-1.6001,-1.5990
10072.51,-135.3515,-79.9054,-1.5942,-1.5931
10107.86,-135.4732,-80.0947,-1.5882,-1.5872
10143.33,-135.5949,-80.2843,-1.5822,-1.5812
10178.93,-135.7166,-80.4741,-1.5762,-1.5752
10214.65,-135.8383,-80.6641,-1.5702,-1.5693
10250.50,-135.9600,-80.8464,-1.5642,-1.5632
10286.47,-136.0817,-81.0094,-1.5581,-1.5572
10322.57,-136.2034,-81.1726,-1.5521,-1.5511
10358.80,-136.3251,-81.3359,-1.5460,-1.5451
10395.15,-136.4469,-81.4993,-1.5398,-1.5390
10431.63,-136.5686,-81.6630,-1.5337,-1.5328
10468.24,-136.6903,-81.8267,-1.5275,-1.5267
10504.98,-136.8120,-81.9906,-1.5213,-1.5205
10541.85,-136.9337,-82.1547,-1.5151,-1.5143
10578.84,-137.0554,-82.3189,-1.4936,-1.4928
10615.97,-137.1771,-82.4832,-1.4547,-1.4540
10653.22,-137.2988,-82.6477,-1.4158,-1.4150
10690.61,-137.4205,-82.8124,-1.3766,-1.3759
10728.13,-137.5422,-82.9772,-1.3374,-1.3367
10765.78,-137.6639,-83.1422,-1.2980,-1.2973
10803.56,-137.7856,-83.3073,-1.2585,-1.2578
10841.47,-137.9073,-83.4725,-1.2189,-1.2182
10879.52,-138.0290,-83.7404,-1.1791,-1.1784
10917.70,-138.1507,-84.0337,-1.1391,-1.1385
10956.02,-138.2724,-84.3277,-1.0990,-1.0984
10994.47,-138.3941,-84.6222,-1.0588,-1.0583
11033.05,-138.5158,-84.9173,-1.0185,-1.0179
11071.77,-138.6375,-85.2130,-0.9780,-0.9774
11110.63,-138.7592,-85.5094,-0.9373,-0.9368
11149.62,-138.8809,-85.8064,-0.8966,-0.8961
11188.75,-139.0026,-86.1039,-0.8556,-0.8552
11228.01,-139.1243,-86.4021,-0.8341,-0.8337
11267.42,-139.2460,-86.7009,-0.8147,-0.8143
11306.96,-139.3677,-87.0004,-0.7952,-0.7948
11346.64,-139.4894,-87.3004,-0.7756,-0.7752
11386.46,-139.6111,-87.6011,-0.7559,-0.7555
11426.42,-139.7328,-87.9025,-0.7362,-0.7358
11466.52,-139.8545,-88.2044,-0.7164,-0.7161
11506.76,-139.9762,-88.5280,-0.6966,-0.6962
11547.14,-140.0979,-88.8979,-0.6766,-0.6763
11587.67,-140.2196,-89.2686,-0.6566,-0.6563
11628.33,-140.3413,-89.6401,-0.6366,-0.6362
11669.14,-140.4630,-90.0126,-0.6164,-0.6161
11710.09,-140.5848,-90.3859,-0.5962,-0.5959
11751.19,-140.7065,-90.7602,-0.5759,-0.5757
11792.43,-140.8282,-91.1353,-0.5556,-0.5553
11833.82,-140.9499,-91.5113,-0.5351,-0.5349
11875.35,-141.0716,-91.8882,-0.5176,-0.5173
11917.02,-141.1933,-92.2660,-0.5058,-0.5056
11958.84,-141.3150,-92.6446,-0.4940,-0.4938
12000.81,-141.4367,-93.0242,-0.4822,-0.4819
12042.93,-141.5584,-93.4047,-0.4703,-0.4701
12085.19,-141.6801,-93.7861,-0.4583,-0.4581
12127.60,-141.8018,-94.1684,-0.4464,-0.4462
12170.16,-141.9235,-94.5517,-0.4343,-0.4342
12212.87,-142.0452,-94.8845,-0.4223,-0.4221
12255.73,-142.1669,-95.2074,-0.4102,-0.4100
12298.75,-142.2886,-95.5311,-0.3980,-0.3979
12341.91,-142.4103,-95.8554,-0.3859,-0.3857
12385.22,-142.5320,-96.1805,-0.3736,-0.3735
12428.68,-142.6537,-96.5063,-0.3614,-0.3612
12472.30,-142.7754,-96.8328,-0.3490,-0.3489
12516.07,-142.8971,-97.1600,-0.3367,-0.3366
12560.00,-143.0188,-97.4879,-0.3243,-0.3242
12604.08,-143.1405,-97.8166,-0.3061,-0.3060
12648.31,-143.2623,-98.1460,-0.2861,-0.2860
12692.70,-143.3840,-98.4761,-0.2660,-0.2659
12737.24,-143.5057,-98.8069,-0.2458,-0.2457
12781.94,-143.6274,-99.1385,-0.2256,-0.2255
12826.80,-143.7491,-99.4708,-0.2053,-0.2052
12871.81,-143.8708,-99.8039,-0.1849,-0.1848
12916.99,-143.9925,-100.1055,-0.1645,-0.1644
12962.32,-144.1142,-100.3454,-0.1439,-0.1438
13007.81,-144.2359,-100.5857,-0.1233,-0.1233
13053.46,-144.3576,-100.8264,-0.1027,-0.1026
13099.27,-144.4793,-101.0675,-0.0819,-0.0819
13145.24,-144.6010,-101.3090,-0.0611,-0.0610
13191.37,-144.7227,-101.5510,-0.0402,-0.0402
13237.67,-144.8444,-101.7934,-0.0193,-0.0192
13284.12,-144.9661,-102.0362,0.0017,0.0018
13330.74,-145.0878,-102.2794,0.0172,0.0172
13377.53,-145.2095,-102.5231,0.0089,0.0090
13424.47,-145.3312,-102.7671,0.0007,0.0008
13471.58,-145.4530,-103.0117,-0.0076,-0.0075
13518.86,-145.5747,-103.2566,-0.0159,-0.0158
13566.31,-145.6964,-103.5020,-0.0242,-0.0242
13613.92,-145.8181,-103.7478,-0.0326,-0.0325
13661.69,-145.9398,-103.9940,-0.0410,-0.0409
13709.64,-146.0615,-104.2197,-0.0494,-0.0494
13757.75,-146.1832,-104.4420,-0.0579,-0.0578
13806.03,-146.3049,-104.6647,-0.0664,-0.0663
13854.48,-146.4266,-104.8877,-0.0749,-0.0748
13903.11,-146.5483,-105.1111,-0.0834,-0.0834
13951.90,-146.6700,-105.3348,-0.0920,-0.0919
14000.86,-146.7917,-105.5589,-0.1006,-0.1006
14050.00,-146.9134,-105.7834,-0.1092,-0.1092
14099.30,-147.0351,-106.0082,-0.1179,-0.1179
14148.78,-147.1568,-106.2334,-0.1395,-0.1394
14198.44,-147.2785,-106.4590,-0.1689,-0.1688
14248.27,-147.4002,-106.6849,-0.1984,-0.1984
14298.27,-147.5220,-106.9112,-0.2280,-0.2280
14348.45,-147.6437,-107.1378,-0.2578,-0.2577
14398.80,-147.7654,-107.3648,-0.2876,-0.2876
14449.33,-147.8871,-107.5922,-0.3175,-0.3175
14500.04,-148.0088,-107.7963,-0.3476,-0.3476
14550.93,-148.1305,-107.9594,-0.3777,-0.3777
14602.00,-148.2522,-108.1226,-0.4080,-0.4080
14653.24,-148.3739,-108.2860,-0.4384,-0.4383
14704.66,-148.4956,-108.4495,-0.4688,-0.4688
14756.27,-148.6173,-108.6131,-0.4994,-0.4994
14808.06,-148.7390,-108.7769,-0.5301,-0.5301
14860.02,-148.8607,-108.9409,-0.5609,-0.5608
14912.17,-148.9824,-109.1050,-0.5918,-0.5917
14964.51,-149.1041,-109.2692,-0.6211,-0.6211
15017.02,-149.2258,-109.4336,-0.6211,-0.6211
15069.72,-149.3475,-109.5981,-0.6211,-0.6211
15122.61,-149.4692,-109.7628,-0.6211,-0.6211
15175.68,-149.5910,-109.9277,-0.6211,-0.6211
15228.94,-149.7127,-110.0927,-0.6211,-0.6210
15282.39,-149.8344,-110.2578,-0.6211,-0.6210
15336.02,-149.9561,-110.4231,-0.6211,-0.6210
15389.84,-150.0778,-110.7157,-0.6211,-0.6210
15443.85,-150.1995,-111.0268,-0.6211,-0.6210
15498.05,-150.3212,-111.3386,-0.6211,-0.6210
15552.44,-150.4429,-111.6511,-0.6211,-0.6210
15607.02,-150.5646,-111.9642,-0.6211,-0.6210
15661.79,-150.6863,-112.2780,-0.6211,-0.6210
15716.75,-150.8080,-112.5925,-0.6211,-0.6210
15771.91,-150.9297,-112.9077,-0.6210,-0.6210
15827.26,-151.0514,-113.2235,-0.6210,-0.6210
15882.80,-151.1731,-113.5401,-0.6068,-0.6068
15938.54,-151.2948,-113.8573,-0.5774,-0.5774
15994.48,-151.4165,-114.1752,-0.5479,-0.5479
16050.61,-151.5382,-114.4938,-0.5183,-0.5183
16106.94,-151.6600,-114.8130,-0.4886,-0.4885
16163.46,-151.7817,-115.1330,-0.4587,-0.4587
16220.19,-151.9034,-115.4537,-0.4288,-0.4288
16277.11,-152.0251,-115.7684,-0.3988,-0.3987
16334.24,-152.1468,-116.0733,-0.3686,-0.3686
16391.56,-152.2685,-116.3788,-0.3384,-0.3384
16449.08,-152.3902,-116.6850,-0.3080,-0.3080
16506.81,-152.5119,-116.9919,-0.2776,-0.2775
16564.74,-152.6336,-117.2994,-0.2470,-0.2470
16622.87,-152.7553,-117.6075,-0.2163,-0.2163
16681.21,-152.8770,-117.9163,-0.1855,-0.1855
16739.75,-152.9987,-118.2258,-0.1546,-0.1546
16798.50,-153.1204,-118.5359,-0.1236,-0.1236
16857.45,-153.2421,-118.8467,-0.1473,-0.1473
16916.61,-153.3638,-119.1581,-0.1762,-0.1762
16975.98,-153.4855,-119.4702,-0.2052,-0.2051
17035.56,-153.6072,-119.7830,-0.2342,-0.2342
17095.34,-153.7289,-120.0965,-0.2634,-0.2634
17155.34,-153.8506,-120.4106,-0.2927,-0.2926
17215.54,-153.9724,-120.7254,-0.3220,-0.3220
17275.96,-154.0941,-120.6911,-0.3515,-0.3515
17336.59,-154.2158,-120.6174,-0.3811,-0.3811
17397.43,-154.3375,-120.5431,-0.4108,-0.4108
17458.48,-154.4592,-120.4680,-0.4406,-0.4405
17519.75,-154.5809,-120.3923,-0.4704,-0.4704
17581.24,-154.7026,-120.3159,-0.5004,-0.5004
17642.94,-154.8243,-120.2387,-0.5305,-0.5305
17704.85,-154.9460,-120.1609,-0.5608,-0.5607
17766.99,-155.0677,-120.0824,-0.5911,-0.5911
17829.34,-155.1894,-120.0032,-0.6152,-0.6152
17891.91,-155.3111,-119.9232,-0.6276,-0.6276
17954.70,-155.4328,-119.8426,-0.6400,-0.6399
18017.71,-155.5545,-119.7612,-0.6524,-0.6524
18080.94,-155.6762,-119.6792,-0.6649,-0.6648
18144.40,-155.7979,-119.5964,-0.6774,-0.6774
18208.07,-155.9196,-119.5129,-0.6899,-0.6899
18271.97,-156.0413,-119.4821,-0.7025,-0.7025
18336.10,-156.1630,-119.5270,-0.7152,-0.7152
18400.45,-156.2847,-119.5716,-0.7279,-0.7279
18465.02,-156.4064,-119.6159,-0.7406,-0.7406
18529.82,-156.5281,-119.6599,-0.7534,-0.7534
18594.85,-156.6498,-119.7037,-0.7662,-0.7662
18660.11,-156.7715,-119.7472,-0.7791,-0.7791
18725.60,-156.8932,-119.7905,-0.7920,-0.7920
18791.31,-157.0149,-119.8334,-0.8050,-0.8050
18857.26,-157.1367,-119.8761,-0.8180,-0.8180
18923.44,-157.2584,-119.9185,-0.8255,-0.8255
18989.85,-157.3801,-119.9607,-0.8314,-0.8314
19056.49,-157.5018,-120.0025,-0.8373,-0.8373
19123.37,-157.6235,-120.0441,-0.8432,-0.8432
19190.48,-157.7452,-120.0854,-0.8492,-0.8492
19257.83,-157.8669,-120.1264,-0.8551,-0.8551
19325.41,-157.9886,-120.1671,-0.8611,-0.8611
19393.23,-158.1103,-110.3827,-0.8671,-0.8671
19461.29,-158.2320,-110.5044,-0.8732,-0.8731
19529.59,-158.3537,-110.6261,-0.8792,-0.8792
19598.13,-158.4754,-110.7478,-0.8853,-0.8853
19666.91,-158.5971,-110.8695,-0.8914,-0.8914
19735.93,-158.7188,-110.9912,-0.8975,-0.8975
19805.19,-158.8405,-111.1129,-0.9037,-0.9036
19874.69,-158.9622,-111.2346,-0.9098,-0.9098
19944.44,-159.0839,-111.3563,-0.9160,-0.9160
20014.44,-159.2056,-111.4781,-20.9209,-20.9207
20084.67,-159.3273,-111.5998,-20.9209,-20.9207
20155.16,-159.4490,-111.7215,-20.9209,-20.9207
20225.89,-159.5707,-111.8432,-20.9209,-20.9207
20296.87,-159.6924,-111.9649,-20.9209,-20.9207
20368.11,-159.8141,-112.0866,-20.9209,-20.9207
20439.59,-159.9358,-112.2083,-20.9209,-20.9207
20511.32,-160.0575,-112.3300,-20.9209,-20.9207
20583.30,-160.1792,-112.4517,-20.9209,-20.9207
20655.54,-160.3009,-112.5734,-20.9209,-20.9207
20728.02,-160.4226,-112.6951,-20.9209,-20.9207
20800.77,-160.5443,-112.8168,-20.9209,-20.9207
20873.77,-160.6660,-112.9385,-20.9209,-20.9207
20947.02,-160.7877,-113.0603,-20.9209,-20.9207
21020.53,-160.9094,-113.1820,-20.9209,-20.9207
21094.30,-161.0311,-113.3037,-20.9209,-20.9207
21168.33,-161.1528,-113.4254,-20.9209,-20.9207
21242.62,-161.2745,-113.5471,-20.9209,-20.9207
21317.17,-161.3962,-113.6688,-20.9209,-20.9207
21391.98,-161.5179,-113.7905,-20.9209,-20.9207
21467.06,-161.6396,-113.9122,-20.9209,-20.9207
21542.39,-161.7613,-114.0339,-20.9209,-20.9207
21617.99,-161.8830,-114.1556,-20.9209,-20.9207
21693.86,-162.0046,-114.2773,-20.9209,-20.9207
21769.99,-162.1263,-114.3991,-20.9209,-20.9207
21846.39,-162.2480,-114.5208,-20.9209,-20.9207
21923.06,-162.3697,-114.6425,-20.9209,-20.9207
22000.00,-162.4914,-114.7642,-20.9209,-20.9207
